game_id,team,qbId,name,dropbacks,epa,cpoe,cpoePlays
2017_01_ARI_DET,ARI,00-0021429,C.Palmer,50,-10.9968,-294.349,47
2017_01_ARI_DET,DET,00-0026498,M.Stafford,45,-0.378,212.779,39
2017_01_ATL_CHI,ATL,00-0026143,M.Ryan,33,15.4709,172.7765,30
2017_01_ATL_CHI,CHI,00-0030520,M.Glennon,44,-6.9594,-36.2073,40
2017_01_BAL_CIN,BAL,00-0026158,J.Flacco,18,-0.3362,-167.4271,17
2017_01_BAL_CIN,CIN,00-0027973,A.Dalton,36,-29.3642,-315.1817,29
2017_01_CAR_SF,CAR,00-0027939,C.Newton,25,3.6412,-102.129,24
2017_01_CAR_SF,SF,00-0026625,B.Hoyer,39,-15.5657,80.7774,35
2017_01_IND_LA,IND,00-0028595,S.Tolzien,23,-22.9772,-187.1283,18
2017_01_IND_LA,IND,00-0033119,J.Brissett,3,2.1368,26.3222,3
2017_01_IND_LA,LA,00-0032245,S.Mannion,1,-0.1648,21.4818,1
2017_01_IND_LA,LA,00-0033106,J.Goff,30,10.6939,230.1628,29
2017_01_JAX_HOU,HOU,00-0031064,T.Savage,19,-21.2643,-170.384,13
2017_01_JAX_HOU,HOU,00-0033537,D.Watson,29,-15.0047,-267.8205,23
2017_01_JAX_HOU,JAX,00-0031407,B.Bortles,21,1.9233,-148.2608,21
2017_01_KC_NE,KC,00-0023436,A.Smith,39,17.7839,570.4712,34
2017_01_KC_NE,NE,00-0019596,T.Brady,40,0.5538,-327.2034,36
2017_01_LAC_DEN,DEN,00-0032156,T.Siemian,37,6.8737,15.0701,28
2017_01_LAC_DEN,LAC,00-0022942,P.Rivers,34,2.6188,59.3903,33
2017_01_NO_MIN,MIN,00-0027854,S.Bradford,33,21.0961,598.8628,32
2017_01_NO_MIN,NO,00-0020531,D.Brees,38,9.7418,272.0617,37
2017_01_NYG_DAL,DAL,00-0033077,D.Prescott,41,7.2991,-82.2775,38
2017_01_NYG_DAL,NYG,00-0022803,E.Manning,41,-6.144,105.7449,38
2017_01_NYJ_BUF,BUF,00-0028118,T.Taylor,33,6.9969,-146.7669,27
2017_01_NYJ_BUF,NYJ,00-0021206,J.McCown,41,-12.8479,39.6102,38
2017_01_OAK_TEN,LV,00-0031280,D.Carr,35,8.1749,114.4861,32
2017_01_OAK_TEN,TEN,00-0032268,M.Mariota,43,3.521,-125.3713,41
2017_01_PHI_WAS,PHI,00-0032950,C.Wentz,44,9.3041,219.4718,38
2017_01_PHI_WAS,WAS,00-0029604,K.Cousins,47,-12.5317,-225.9572,40
2017_01_PIT_CLE,CLE,00-0033899,D.Kizer,40,-2.0869,165.0277,30
2017_01_PIT_CLE,PIT,00-0022924,B.Roethlisberger,37,4.3663,-61.2861,36
2017_01_SEA_GB,GB,00-0023459,A.Rodgers,49,6.1894,8.9471,42
2017_01_SEA_GB,SEA,00-0029263,R.Wilson,32,-7.6271,-99.2612,27
2017_02_ARI_IND,ARI,00-0021429,C.Palmer,40,1.3364,-90.8524,36
2017_02_ARI_IND,IND,00-0033119,J.Brissett,43,-5.7387,-319.4674,36
2017_02_BUF_CAR,BUF,00-0028118,T.Taylor,35,-3.9514,122.1069,25
2017_02_BUF_CAR,CAR,00-0027939,C.Newton,40,1.9697,53.8678,31
2017_02_CHI_TB,CHI,00-0030520,M.Glennon,46,-6.6891,255.6876,45
2017_02_CHI_TB,TB,00-0023682,R.Fitzpatrick,1,-0.9054,-58.6602,1
2017_02_CHI_TB,TB,00-0031503,J.Winston,33,10.0817,106.1847,30
2017_02_CLE_BAL,BAL,00-0026158,J.Flacco,36,6.6689,272.0263,33
2017_02_CLE_BAL,CLE,00-0032784,K.Hogan,12,2.1291,-86.2245,11
2017_02_CLE_BAL,CLE,00-0033899,D.Kizer,37,-14.062,-314.1039,31
2017_02_DAL_DEN,DAL,00-0033077,D.Prescott,55,-19.4772,-83.2071,49
2017_02_DAL_DEN,DEN,00-0032156,T.Siemian,38,5.3799,293.2632,30
2017_02_DET_NYG,DET,00-0026498,M.Stafford,27,1.6761,271.782,21
2017_02_DET_NYG,NYG,00-0022803,E.Manning,37,-8.4491,311.5071,32
2017_02_GB_ATL,ATL,00-0026143,M.Ryan,32,9.1229,159.6495,27
2017_02_GB_ATL,GB,00-0023459,A.Rodgers,55,5.173,-124.146,49
2017_02_HOU_CIN,CIN,00-0027973,A.Dalton,39,-9.7255,49.4223,31
2017_02_HOU_CIN,HOU,00-0033537,D.Watson,31,0.7381,-31.1643,24
2017_02_MIA_LAC,LAC,00-0022942,P.Rivers,40,11.5092,537.3565,39
2017_02_MIA_LAC,MIA,00-0024226,J.Cutler,35,8.7202,337.1618,33
2017_02_MIA_LAC,MIA,00-0031382,J.Landry,1,-0.4278,-32.4284,1
2017_02_MIN_PIT,MIN,00-0028986,C.Keenum,39,-9.502,-134.4219,35
2017_02_MIN_PIT,MIN,00-0029493,R.Quigley,1,-2.664,-47.2287,1
2017_02_MIN_PIT,PIT,00-0022924,B.Roethlisberger,37,4.2364,113.7165,35
2017_02_NE_NO,NE,00-0019596,T.Brady,42,25.0387,369.0621,39
2017_02_NE_NO,NO,00-0020531,D.Brees,45,2.5925,-76.9976,44
2017_02_NYJ_OAK,LV,00-0031280,D.Carr,28,16.9186,352.2905,28
2017_02_NYJ_OAK,NYJ,00-0021206,J.McCown,31,1.8845,26.7134,24
2017_02_PHI_KC,KC,00-0023436,A.Smith,34,4.7647,287.4538,27
2017_02_PHI_KC,PHI,00-0032950,C.Wentz,56,9.2003,-41.4972,45
2017_02_SF_SEA,SEA,00-0029263,R.Wilson,45,-0.3394,-139.8884,39
2017_02_SF_SEA,SF,00-0026625,B.Hoyer,29,-15.9088,-357.5356,26
2017_02_TEN_JAX,JAX,00-0031407,B.Bortles,40,-9.2564,-213.7704,34
2017_02_TEN_JAX,TEN,00-0032268,M.Mariota,30,3.6498,127.3187,23
2017_02_WAS_LA,LA,00-0028872,J.Hekker,1,4.409,40.1057,1
2017_02_WAS_LA,LA,00-0033106,J.Goff,28,-0.7746,-179.6632,24
2017_02_WAS_LA,WAS,00-0029604,K.Cousins,30,5.5089,15.8071,27
2017_03_ATL_DET,ATL,00-0026143,M.Ryan,37,-5.5984,175.4021,35
2017_03_ATL_DET,DET,00-0026498,M.Stafford,49,-3.9093,-473.6664,45
2017_03_BAL_JAX,BAL,00-0026158,J.Flacco,20,-19.0408,-354.1586,18
2017_03_BAL_JAX,BAL,00-0028012,R.Mallett,9,0.9252,14.4164,9
2017_03_BAL_JAX,JAX,00-0026197,C.Henne,2,-2.1417,-99.6686,2
2017_03_BAL_JAX,JAX,00-0031407,B.Bortles,34,17.0412,220.9701,28
2017_03_CIN_GB,CIN,00-0027973,A.Dalton,30,6.1203,430.4176,26
2017_03_CIN_GB,GB,00-0023459,A.Rodgers,51,-3.1323,124.5263,42
2017_03_CLE_IND,CLE,00-0033899,D.Kizer,52,-2.6818,-584.1244,46
2017_03_CLE_IND,IND,00-0033119,J.Brissett,29,8.2548,181.2247,24
2017_03_DAL_ARI,ARI,00-0021429,C.Palmer,55,0.6753,-105.5133,48
2017_03_DAL_ARI,DAL,00-0033077,D.Prescott,19,3.7009,119.9101,18
2017_03_DEN_BUF,BUF,00-0028118,T.Taylor,33,5.6649,265.4669,26
2017_03_DEN_BUF,DEN,00-0032156,T.Siemian,46,-5.8617,34.3389,40
2017_03_HOU_NE,HOU,00-0033537,D.Watson,39,7.3866,363.4333,33
2017_03_HOU_NE,NE,00-0019596,T.Brady,42,11.945,449.3242,35
2017_03_KC_LAC,KC,00-0023436,A.Smith,27,-2.8287,52.5874,21
2017_03_KC_LAC,LAC,00-0022942,P.Rivers,42,-10.3036,-283.2096,39
2017_03_LA_SF,LA,00-0033106,J.Goff,28,22.5019,442.0002,28
2017_03_LA_SF,SF,00-0026625,B.Hoyer,43,4.3509,-25.9125,37
2017_03_MIA_NYJ,MIA,00-0024226,J.Cutler,48,-11.0437,-62.2156,44
2017_03_MIA_NYJ,MIA,00-0033400,M.Haack,1,-1.321,-36.839,1
2017_03_MIA_NYJ,NYJ,00-0021206,J.McCown,26,9.7814,457.5713,23
2017_03_NO_CAR,CAR,00-0023645,D.Anderson,7,-2.8282,-220.2313,7
2017_03_NO_CAR,CAR,00-0027939,C.Newton,31,-13.7201,-37.8176,26
2017_03_NO_CAR,NO,00-0020531,D.Brees,30,12.8568,346.4051,29
2017_03_NYG_PHI,NYG,00-0022803,E.Manning,47,8.63,414.9236,47
2017_03_NYG_PHI,PHI,00-0032950,C.Wentz,37,-2.7629,30.2855,31
2017_03_OAK_WAS,LV,00-0031280,D.Carr,36,-20.503,-74.5281,30
2017_03_OAK_WAS,WAS,00-0029604,K.Cousins,32,18.7331,522.3257,30
2017_03_PIT_CHI,CHI,00-0030520,M.Glennon,25,-8.9376,28.3672,21
2017_03_PIT_CHI,PIT,00-0022924,B.Roethlisberger,43,-2.2211,-70.5969,39
2017_03_SEA_TEN,SEA,00-0029263,R.Wilson,56,11.4691,213.4814,48
2017_03_SEA_TEN,TEN,00-0032268,M.Mariota,34,1.7467,-64.5918,31
2017_03_TB_MIN,MIN,00-0028986,C.Keenum,36,22.8843,377.4939,33
2017_03_TB_MIN,TB,00-0031503,J.Winston,43,-0.3504,313.8651,40
2017_04_BUF_ATL,ATL,00-0026143,M.Ryan,44,-10.7876,-140.7086,42
2017_04_BUF_ATL,BUF,00-0028118,T.Taylor,25,6.767,119.7541,20
2017_04_CAR_NE,CAR,00-0027939,C.Newton,33,19.1819,365.5383,29
2017_04_CAR_NE,NE,00-0019596,T.Brady,48,9.7585,231.8973,45
2017_04_CHI_GB,CHI,00-0030520,M.Glennon,34,-5.4505,-4.7047,33
2017_04_CHI_GB,GB,00-0023459,A.Rodgers,28,10.8122,182.0258,26
2017_04_CHI_GB,GB,00-0031589,B.Hundley,1,-0.5546,14.2124,1
2017_04_CIN_CLE,CIN,00-0027973,A.Dalton,37,14.5972,436.0585,30
2017_04_CIN_CLE,CLE,00-0032784,K.Hogan,9,1.2925,100.3596,8
2017_04_CIN_CLE,CLE,00-0033899,D.Kizer,38,-15.5101,-639.5214,33
2017_04_DET_MIN,DET,00-0026498,M.Stafford,38,-2.3203,-185.3967,31
2017_04_DET_MIN,MIN,00-0028986,C.Keenum,32,-4.7592,-182.3033,30
2017_04_IND_SEA,IND,00-0033119,J.Brissett,35,-13.9922,-78.8546,28
2017_04_IND_SEA,SEA,00-0029263,R.Wilson,34,14.4101,568.6228,26
2017_04_JAX_NYJ,JAX,00-0031407,B.Bortles,38,-10.7071,-667.8646,35
2017_04_JAX_NYJ,NYJ,00-0021206,J.McCown,35,-3.7458,208.1696,30
2017_04_JAX_NYJ,NYJ,00-0032449,L.Edwards,1,2.4863,28.4449,1
2017_04_LA_DAL,DAL,00-0033077,D.Prescott,41,5.1108,-145.0207,35
2017_04_LA_DAL,LA,00-0033106,J.Goff,37,6.8767,-148.8823,35
2017_04_NO_MIA,MIA,00-0024226,J.Cutler,32,-9.6507,6.3559,28
2017_04_NO_MIA,NO,00-0020531,D.Brees,41,15.1948,41.2772,40
2017_04_NYG_TB,NYG,00-0022803,E.Manning,52,9.5445,-68.8687,49
2017_04_NYG_TB,TB,00-0031503,J.Winston,42,6.7166,-94.3523,38
2017_04_OAK_DEN,DEN,00-0032156,T.Siemian,31,-0.124,129.0253,25
2017_04_OAK_DEN,LV,00-0030526,E.Manuel,18,-1.7383,21.5,17
2017_04_OAK_DEN,LV,00-0031280,D.Carr,20,-0.1888,-105.3436,18
2017_04_PHI_LAC,LAC,00-0022942,P.Rivers,40,11.0794,-251.6218,37
2017_04_PHI_LAC,PHI,00-0032950,C.Wentz,34,11.6255,-100.5661,30
2017_04_PIT_BAL,BAL,00-0026158,J.Flacco,51,-11.611,-68.0138,47
2017_04_PIT_BAL,PIT,00-0022924,B.Roethlisberger,32,3.8649,26.8897,30
2017_04_SF_ARI,ARI,00-0021429,C.Palmer,57,-2.3785,133.3482,51
2017_04_SF_ARI,SF,00-0026625,B.Hoyer,52,-7.1853,-724.2279,48
2017_04_TEN_HOU,HOU,00-0031064,T.Savage,1,-1.5276,0.0,0
2017_04_TEN_HOU,HOU,00-0033537,D.Watson,36,20.059,391.6515,34
2017_04_TEN_HOU,TEN,00-0023662,M.Cassel,12,-22.404,-206.8831,10
2017_04_TEN_HOU,TEN,00-0032268,M.Mariota,10,-1.1156,29.2023,10
2017_04_WAS_KC,KC,00-0023436,A.Smith,43,8.1305,549.7558,35
2017_04_WAS_KC,WAS,00-0029604,K.Cousins,27,13.235,-24.0035,24
2017_05_ARI_PHI,ARI,00-0021429,C.Palmer,46,2.0563,82.9816,44
2017_05_ARI_PHI,PHI,00-0032950,C.Wentz,34,17.0703,167.8613,30
2017_05_BAL_OAK,BAL,00-0026158,J.Flacco,26,8.8784,294.1579,26
2017_05_BAL_OAK,LV,00-0030526,E.Manuel,30,0.8382,-137.354,25
2017_05_BUF_CIN,BUF,00-0028118,T.Taylor,44,-6.5349,-269.0496,35
2017_05_BUF_CIN,CIN,00-0027973,A.Dalton,38,6.4653,90.0456,34
2017_05_CAR_DET,CAR,00-0027939,C.Newton,37,16.8689,336.1373,33
2017_05_CAR_DET,DET,00-0026498,M.Stafford,41,-6.2225,-145.1452,35
2017_05_GB_DAL,DAL,00-0033077,D.Prescott,39,7.6692,192.1749,36
2017_05_GB_DAL,GB,00-0023459,A.Rodgers,38,12.3863,217.5807,28
2017_05_JAX_PIT,JAX,00-0031407,B.Bortles,17,-0.3855,-77.3447,14
2017_05_JAX_PIT,PIT,00-0022924,B.Roethlisberger,57,-20.0162,-118.1387,54
2017_05_KC_HOU,HOU,00-0033537,D.Watson,36,13.8577,-52.7176,29
2017_05_KC_HOU,KC,00-0023436,A.Smith,43,27.4985,627.8186,37
2017_05_LAC_NYG,LAC,00-0022942,P.Rivers,45,4.9229,-462.6593,42
2017_05_LAC_NYG,NYG,00-0022803,E.Manning,42,-9.5363,-230.0291,36
2017_05_MIN_CHI,CHI,00-0031079,P.O'Donnell,1,6.2936,32.9013,1
2017_05_MIN_CHI,CHI,00-0033869,M.Trubisky,29,-9.2176,-379.7486,25
2017_05_MIN_CHI,MIN,00-0027854,S.Bradford,15,-8.0812,-131.6313,11
2017_05_MIN_CHI,MIN,00-0028986,C.Keenum,22,7.5682,283.9913,21
2017_05_NE_TB,NE,00-0019596,T.Brady,45,1.536,319.0394,40
2017_05_NE_TB,TB,00-0031503,J.Winston,49,0.3501,-6.4917,45
2017_05_NYJ_CLE,CLE,00-0032784,K.Hogan,20,7.0317,376.4432,19
2017_05_NYJ_CLE,CLE,00-0033899,D.Kizer,21,-4.5607,-171.0077,17
2017_05_NYJ_CLE,NYJ,00-0021206,J.McCown,33,-0.4956,321.2235,30
2017_05_SEA_LA,LA,00-0033106,J.Goff,49,-6.5596,-573.4485,46
2017_05_SEA_LA,SEA,00-0029263,R.Wilson,42,-8.2455,224.4129,36
2017_05_SEA_LA,SEA,00-0032475,T.McEvoy,1,-2.0763,-31.2149,1
2017_05_SF_IND,IND,00-0033119,J.Brissett,43,-1.198,219.2355,33
2017_05_SF_IND,SF,00-0026625,B.Hoyer,48,14.9662,-60.9599,45
2017_05_TEN_MIA,MIA,00-0024226,J.Cutler,28,-11.8876,-367.1659,25
2017_05_TEN_MIA,MIA,00-0029878,M.Gray,1,-0.3692,-74.3033,1
2017_05_TEN_MIA,TEN,00-0023662,M.Cassel,38,-15.8026,148.6586,31
2017_06_CHI_BAL,BAL,00-0026158,J.Flacco,45,-23.7937,-325.7419,41
2017_06_CHI_BAL,CHI,00-0033556,T.Cohen,1,3.5462,72.7005,1
2017_06_CHI_BAL,CHI,00-0033869,M.Trubisky,22,-3.0708,-112.987,15
2017_06_CLE_HOU,CLE,00-0032784,K.Hogan,45,-23.5504,-357.8425,36
2017_06_CLE_HOU,HOU,00-0033537,D.Watson,32,-2.2623,-223.8326,29
2017_06_DET_NO,DET,00-0026498,M.Stafford,59,-24.4125,-915.0668,51
2017_06_DET_NO,NO,00-0020531,D.Brees,30,-10.2677,-99.7893,30
2017_06_GB_MIN,GB,00-0023459,A.Rodgers,4,-1.6521,-51.509,4
2017_06_GB_MIN,GB,00-0031589,B.Hundley,38,-13.7461,-236.9958,33
2017_06_GB_MIN,MIN,00-0028986,C.Keenum,39,-0.1271,10.9921,36
2017_06_IND_TEN,IND,00-0033119,J.Brissett,41,-0.3184,-275.247,36
2017_06_IND_TEN,TEN,00-0032268,M.Mariota,33,3.9586,285.3876,32
2017_06_LAC_OAK,LAC,00-0022942,P.Rivers,37,7.914,211.1116,36
2017_06_LAC_OAK,LV,00-0031280,D.Carr,31,-7.7879,39.1202,30
2017_06_LA_JAX,JAX,00-0031407,B.Bortles,42,-6.079,-138.3727,35
2017_06_LA_JAX,LA,00-0033106,J.Goff,26,-3.1853,-177.698,21
2017_06_MIA_ATL,ATL,00-0026143,M.Ryan,36,3.9636,65.3194,34
2017_06_MIA_ATL,MIA,00-0024226,J.Cutler,33,1.4348,-287.4225,33
2017_06_NE_NYJ,NE,00-0019596,T.Brady,38,12.7708,-178.1975,38
2017_06_NE_NYJ,NYJ,00-0021206,J.McCown,52,12.6577,370.2294,45
2017_06_NYG_DEN,DEN,00-0029682,B.Osweiler,3,0.0342,-38.3235,3
2017_06_NYG_DEN,DEN,00-0032156,T.Siemian,55,-8.4912,-284.7768,50
2017_06_NYG_DEN,NYG,00-0022803,E.Manning,22,0.8482,-244.0638,19
2017_06_PHI_CAR,CAR,00-0027939,C.Newton,57,-12.2606,-476.5393,52
2017_06_PHI_CAR,PHI,00-0032950,C.Wentz,35,-0.9809,-171.6879,30
2017_06_PIT_KC,KC,00-0023436,A.Smith,39,0.3405,-37.9606,32
2017_06_PIT_KC,PIT,00-0022924,B.Roethlisberger,26,3.5226,226.8174,24
2017_06_SF_WAS,SF,00-0026625,B.Hoyer,12,-7.1741,-205.8505,11
2017_06_SF_WAS,SF,00-0033936,C.Beathard,39,7.5368,-208.8084,36
2017_06_SF_WAS,WAS,00-0029604,K.Cousins,39,19.9589,185.2181,36
2017_06_TB_ARI,ARI,00-0021429,C.Palmer,24,9.1208,440.5309,22
2017_06_TB_ARI,TB,00-0023682,R.Fitzpatrick,38,7.7971,340.8886,32
2017_06_TB_ARI,TB,00-0031503,J.Winston,10,-0.7266,-77.9023,10
2017_07_ARI_LA,ARI,00-0021429,C.Palmer,19,-4.5483,-175.4522,18
2017_07_ARI_LA,ARI,00-0025430,D.Stanton,16,-10.6008,-310.1651,14
2017_07_ARI_LA,LA,00-0033106,J.Goff,39,3.6711,-180.0818,37
2017_07_ATL_NE,ATL,00-0026143,M.Ryan,37,7.1127,231.2597,33
2017_07_ATL_NE,NE,00-0019596,T.Brady,32,15.2802,156.202,29
2017_07_BAL_MIN,BAL,00-0026158,J.Flacco,44,-5.7472,-56.5871,39
2017_07_BAL_MIN,MIN,00-0028986,C.Keenum,32,0.8238,-116.3936,31
2017_07_CAR_CHI,CAR,00-0027939,C.Newton,43,-12.0511,25.9523,34
2017_07_CAR_CHI,CHI,00-0033869,M.Trubisky,12,-3.3314,-10.2607,7
2017_07_CIN_PIT,CIN,00-0027973,A.Dalton,36,-10.0096,-106.7176,29
2017_07_CIN_PIT,PIT,00-0022924,B.Roethlisberger,24,5.6616,70.5824,24
2017_07_CIN_PIT,PIT,00-0028954,R.Golden,1,4.9709,67.8994,1
2017_07_DAL_SF,DAL,00-0033077,D.Prescott,27,14.1297,-40.6606,25
2017_07_DAL_SF,DAL,00-0033662,C.Rush,2,-3.4715,-56.4258,2
2017_07_DAL_SF,SF,00-0033936,C.Beathard,45,-17.4616,-251.7488,37
2017_07_DEN_LAC,DEN,00-0032156,T.Siemian,42,-14.0669,131.0012,35
2017_07_DEN_LAC,LAC,00-0022942,P.Rivers,29,0.8682,-242.4209,25
2017_07_JAX_IND,IND,00-0033119,J.Brissett,51,-14.2726,-304.6286,37
2017_07_JAX_IND,JAX,00-0031407,B.Bortles,29,19.4925,213.1531,26
2017_07_JAX_IND,JAX,00-0031431,M.Lee,1,-0.3734,-22.2807,1
2017_07_KC_OAK,KC,00-0023436,A.Smith,37,22.0022,216.7826,36
2017_07_KC_OAK,LV,00-0031280,D.Carr,53,21.5769,-206.5986,52
2017_07_NO_GB,GB,00-0031589,B.Hundley,28,-1.1354,-418.8001,25
2017_07_NO_GB,NO,00-0020531,D.Brees,39,14.2603,158.5599,38
2017_07_NYJ_MIA,MIA,00-0024226,J.Cutler,18,-0.6507,203.6038,16
2017_07_NYJ_MIA,MIA,00-0025708,M.Moore,22,4.1039,187.8569,20
2017_07_NYJ_MIA,NYJ,00-0021206,J.McCown,31,3.7301,-36.5295,26
2017_07_SEA_NYG,NYG,00-0022803,E.Manning,40,-17.5742,-549.3389,38
2017_07_SEA_NYG,SEA,00-0029263,R.Wilson,41,12.5999,472.9635,37
2017_07_TB_BUF,BUF,00-0028118,T.Taylor,37,14.5592,159.3877,32
2017_07_TB_BUF,TB,00-0031503,J.Winston,45,20.8894,503.6855,44
2017_07_TEN_CLE,CLE,00-0033104,C.Kessler,21,-5.7658,-34.1686,18
2017_07_TEN_CLE,CLE,00-0033899,D.Kizer,20,-4.6192,-146.6709,20
2017_07_TEN_CLE,TEN,00-0032268,M.Mariota,37,3.8308,32.8312,34
2017_07_WAS_PHI,PHI,00-0032950,C.Wentz,32,18.4729,291.4433,25
2017_07_WAS_PHI,WAS,00-0029604,K.Cousins,45,3.7845,473.5345,40
2017_08_ATL_NYJ,ATL,00-0026143,M.Ryan,32,10.6042,221.8388,27
2017_08_ATL_NYJ,NYJ,00-0021206,J.McCown,35,6.2268,480.3874,32
2017_08_CAR_TB,CAR,00-0027939,C.Newton,34,-2.6537,-28.8307,30
2017_08_CAR_TB,TB,00-0031503,J.Winston,44,-16.625,-158.2712,36
2017_08_CHI_NO,CHI,00-0033869,M.Trubisky,37,-5.9769,-559.5026,32
2017_08_CHI_NO,NO,00-0020531,D.Brees,31,4.664,329.2116,27
2017_08_DAL_WAS,DAL,00-0033077,D.Prescott,25,0.115,-23.6273,22
2017_08_DAL_WAS,WAS,00-0029604,K.Cousins,43,-6.4894,-73.4957,39
2017_08_DEN_KC,DEN,00-0032156,T.Siemian,42,-12.1265,-373.3971,36
2017_08_DEN_KC,KC,00-0023436,A.Smith,34,-3.8445,-260.9383,28
2017_08_DEN_KC,KC,00-0033040,T.Hill,1,-5.1403,-35.2782,1
2017_08_HOU_SEA,HOU,00-0033537,D.Watson,39,13.8966,276.7962,30
2017_08_HOU_SEA,SEA,00-0029263,R.Wilson,45,17.5406,542.3285,37
2017_08_IND_CIN,CIN,00-0027973,A.Dalton,33,9.5981,-67.875,28
2017_08_IND_CIN,IND,00-0033119,J.Brissett,44,-4.6213,-19.1374,38
2017_08_LAC_NE,LAC,00-0022942,P.Rivers,31,1.8997,-6.819,29
2017_08_LAC_NE,NE,00-0019596,T.Brady,50,9.1213,111.5611,47
2017_08_MIA_BAL,BAL,00-0026158,J.Flacco,16,3.5738,27.0784,14
2017_08_MIA_BAL,BAL,00-0028012,R.Mallett,8,-2.5559,-144.5914,7
2017_08_MIA_BAL,MIA,00-0025708,M.Moore,47,-31.4651,-455.358,44
2017_08_MIN_CLE,CLE,00-0033899,D.Kizer,39,-12.3193,-352.8972,34
2017_08_MIN_CLE,MIN,00-0028986,C.Keenum,44,6.2447,-61.6013,43
2017_08_OAK_BUF,BUF,00-0028118,T.Taylor,28,7.5323,332.179,27
2017_08_OAK_BUF,LV,00-0031280,D.Carr,49,-0.389,-179.7132,49
2017_08_PIT_DET,DET,00-0026498,M.Stafford,48,8.741,-114.1112,45
2017_08_PIT_DET,PIT,00-0022924,B.Roethlisberger,31,10.894,-40.9691,31
2017_08_SF_PHI,PHI,00-0032950,C.Wentz,37,-4.4882,-163.6194,32
2017_08_SF_PHI,SF,00-0033936,C.Beathard,45,-15.5614,-557.0944,36
2017_09_ARI_SF,ARI,00-0025430,D.Stanton,30,1.8933,-37.8268,29
2017_09_ARI_SF,SF,00-0033936,C.Beathard,58,-13.8474,-814.1649,51
2017_09_ATL_CAR,ATL,00-0026143,M.Ryan,40,-1.4848,197.2909,37
2017_09_ATL_CAR,CAR,00-0027939,C.Newton,27,0.4451,-122.6876,23
2017_09_BAL_TEN,BAL,00-0024417,S.Koch,1,5.1739,45.2679,1
2017_09_BAL_TEN,BAL,00-0026158,J.Flacco,55,-0.3482,46.0206,51
2017_09_BAL_TEN,TEN,00-0032268,M.Mariota,31,0.3477,264.8617,28
2017_09_BUF_NYJ,BUF,00-0028118,T.Taylor,49,0.035,363.5915,40
2017_09_BUF_NYJ,NYJ,00-0021206,J.McCown,23,9.4061,68.9927,20
2017_09_CIN_JAX,CIN,00-0027973,A.Dalton,20,-2.3274,-69.2751,17
2017_09_CIN_JAX,JAX,00-0031407,B.Bortles,39,14.2753,41.7929,37
2017_09_DEN_PHI,DEN,00-0029682,B.Osweiler,41,-7.6548,-385.2523,37
2017_09_DEN_PHI,PHI,00-0029567,N.Foles,2,-3.1672,69.2694,1
2017_09_DEN_PHI,PHI,00-0032950,C.Wentz,29,15.4994,-123.1437,27
2017_09_DET_GB,DET,00-0026498,M.Stafford,34,33.5485,485.8922,33
2017_09_DET_GB,GB,00-0031589,B.Hundley,42,-8.8353,-6.5628,38
2017_09_IND_HOU,HOU,00-0031064,T.Savage,46,-9.4323,-694.4287,44
2017_09_IND_HOU,IND,00-0033119,J.Brissett,34,1.9222,-19.4966,30
2017_09_KC_DAL,DAL,00-0033077,D.Prescott,36,14.0826,115.7404,31
2017_09_KC_DAL,KC,00-0023436,A.Smith,39,2.513,201.7624,33
2017_09_LA_NYG,LA,00-0033106,J.Goff,22,25.0263,31.0201,22
2017_09_LA_NYG,NYG,00-0022803,E.Manning,38,1.4747,-354.6516,36
2017_09_LA_NYG,NYG,00-0030565,G.Smith,2,-1.5587,-107.1499,2
2017_09_OAK_MIA,LV,00-0031280,D.Carr,31,11.9936,387.3398,29
2017_09_OAK_MIA,MIA,00-0024226,J.Cutler,43,12.0432,574.259,41
2017_09_TB_NO,NO,00-0020531,D.Brees,29,12.4182,307.2009,27
2017_09_TB_NO,TB,00-0023682,R.Fitzpatrick,19,-6.3804,-171.6692,14
2017_09_TB_NO,TB,00-0031503,J.Winston,16,-2.9565,-144.8077,13
2017_09_WAS_SEA,SEA,00-0029263,R.Wilson,55,-0.4643,-73.8534,41
2017_09_WAS_SEA,WAS,00-0029604,K.Cousins,38,0.3036,167.5504,30
2017_10_CIN_TEN,CIN,00-0027973,A.Dalton,36,-3.3543,-227.749,34
2017_10_CIN_TEN,TEN,00-0032268,M.Mariota,51,-2.2593,-273.3371,44
2017_10_CLE_DET,CLE,00-0033104,C.Kessler,6,-7.1274,-45.3953,3
2017_10_CLE_DET,CLE,00-0033899,D.Kizer,42,4.6242,-74.8507,36
2017_10_CLE_DET,DET,00-0026498,M.Stafford,32,4.6317,-17.5117,25
2017_10_DAL_ATL,ATL,00-0026143,M.Ryan,30,10.3871,398.7694,28
2017_10_DAL_ATL,DAL,00-0033077,D.Prescott,43,-9.2105,37.849,30
2017_10_GB_CHI,CHI,00-0033869,M.Trubisky,40,4.4203,-154.1991,35
2017_10_GB_CHI,GB,00-0031589,B.Hundley,29,8.0866,326.0403,24
2017_10_HOU_LA,HOU,00-0031064,T.Savage,40,-17.6396,-280.727,35
2017_10_HOU_LA,LA,00-0028872,J.Hekker,1,-2.248,25.616,1
2017_10_HOU_LA,LA,00-0033106,J.Goff,41,9.1055,155.4203,35
2017_10_LAC_JAX,JAX,00-0031407,B.Bortles,58,-8.4814,-446.4431,51
2017_10_LAC_JAX,LAC,00-0022942,P.Rivers,37,-0.2945,-228.7016,36
2017_10_MIA_CAR,CAR,00-0027939,C.Newton,35,19.6271,-49.316,35
2017_10_MIA_CAR,MIA,00-0024226,J.Cutler,37,5.4666,-112.0735,37
2017_10_MIN_WAS,MIN,00-0028986,C.Keenum,30,14.8712,322.5153,29
2017_10_MIN_WAS,WAS,00-0029604,K.Cousins,47,2.7181,-180.6625,45
2017_10_NE_DEN,DEN,00-0029682,B.Osweiler,33,-0.6812,-252.1009,32
2017_10_NE_DEN,NE,00-0019596,T.Brady,35,11.8743,503.0474,34
2017_10_NE_DEN,NE,00-0026625,B.Hoyer,3,0.9091,62.2156,3
2017_10_NO_BUF,BUF,00-0028118,T.Taylor,22,-13.9763,-222.0603,17
2017_10_NO_BUF,BUF,00-0033958,N.Peterman,10,5.0843,91.7552,10
2017_10_NO_BUF,NO,00-0020531,D.Brees,26,15.3595,138.7144,23
2017_10_NYG_SF,NYG,00-0022803,E.Manning,40,8.5792,507.8093,37
2017_10_NYG_SF,SF,00-0033936,C.Beathard,25,19.1275,257.5175,25
2017_10_NYJ_TB,NYJ,00-0021206,J.McCown,45,-3.182,-14.4138,39
2017_10_NYJ_TB,TB,00-0023682,R.Fitzpatrick,37,-2.6843,-308.1042,34
2017_10_PIT_IND,IND,00-0033119,J.Brissett,30,-1.6822,-95.5979,23
2017_10_PIT_IND,PIT,00-0022924,B.Roethlisberger,34,6.7726,34.4506,30
2017_10_SEA_ARI,ARI,00-0025430,D.Stanton,50,-2.0477,-461.3626,47
2017_10_SEA_ARI,SEA,00-0029263,R.Wilson,38,4.681,188.1634,30
2017_11_ARI_HOU,ARI,00-0027948,B.Gabbert,38,-0.9607,-53.114,34
2017_11_ARI_HOU,HOU,00-0031064,T.Savage,34,0.3426,300.2515,32
2017_11_ATL_SEA,ATL,00-0026143,M.Ryan,29,14.8458,255.5247,27
2017_11_ATL_SEA,SEA,00-0023742,J.Ryan,1,-2.3591,17.9795,1
2017_11_ATL_SEA,SEA,00-0029263,R.Wilson,51,5.0944,161.7146,39
2017_11_BAL_GB,BAL,00-0026158,J.Flacco,31,-6.2006,403.5453,28
2017_11_BAL_GB,GB,00-0031589,B.Hundley,45,-27.0573,-53.6603,35
2017_11_BUF_LAC,BUF,00-0028118,T.Taylor,26,3.2806,84.7268,25
2017_11_BUF_LAC,BUF,00-0033958,N.Peterman,15,-21.6127,-233.9722,14
2017_11_BUF_LAC,LAC,00-0022942,P.Rivers,32,9.9313,245.3825,31
2017_11_BUF_LAC,LAC,00-0024264,K.Clemens,5,2.8222,153.9624,5
2017_11_CIN_DEN,CIN,00-0027973,A.Dalton,27,4.9513,-21.7729,24
2017_11_CIN_DEN,DEN,00-0029682,B.Osweiler,49,-7.7937,-249.7905,40
2017_11_DET_CHI,CHI,00-0033869,M.Trubisky,33,5.3685,-138.8085,30
2017_11_DET_CHI,DET,00-0026498,M.Stafford,36,9.731,351.4459,31
2017_11_JAX_CLE,CLE,00-0033899,D.Kizer,39,-31.098,-298.7824,31
2017_11_JAX_CLE,JAX,00-0031407,B.Bortles,33,-5.5225,-117.641,29
2017_11_KC_NYG,KC,00-0023436,A.Smith,45,-7.0538,105.3121,38
2017_11_KC_NYG,KC,00-0030506,T.Kelce,1,-2.9974,-29.4057,1
2017_11_KC_NYG,NYG,00-0022803,E.Manning,36,1.3619,-475.5129,34
2017_11_KC_NYG,NYG,00-0027994,S.Vereen,1,-4.0465,-34.4815,1
2017_11_LA_MIN,LA,00-0033106,J.Goff,39,1.3546,-54.313,36
2017_11_LA_MIN,MIN,00-0028986,C.Keenum,40,13.7467,87.5829,38
2017_11_NE_OAK,LV,00-0031280,D.Carr,51,1.287,-129.2048,49
2017_11_NE_OAK,NE,00-0019596,T.Brady,38,19.6038,635.0083,37
2017_11_PHI_DAL,DAL,00-0033077,D.Prescott,35,-28.4269,-126.4632,30
2017_11_PHI_DAL,DAL,00-0033662,C.Rush,1,-0.8633,-61.177,1
2017_11_PHI_DAL,PHI,00-0032950,C.Wentz,29,8.1989,-96.8284,26
2017_11_TB_MIA,MIA,00-0024226,J.Cutler,13,-8.4611,-5.5915,10
2017_11_TB_MIA,MIA,00-0025708,M.Moore,29,15.2682,200.1726,26
2017_11_TB_MIA,TB,00-0023682,R.Fitzpatrick,40,6.9062,0.8433,36
2017_11_TEN_PIT,PIT,00-0022924,B.Roethlisberger,49,11.891,413.8948,45
2017_11_TEN_PIT,TEN,00-0027690,E.Decker,1,-0.835,0.0,0
2017_11_TEN_PIT,TEN,00-0032268,M.Mariota,39,-7.3643,54.9349,33
2017_11_WAS_NO,NO,00-0020531,D.Brees,42,10.0025,178.8324,40
2017_11_WAS_NO,WAS,00-0029604,K.Cousins,37,16.1866,372.9371,30
2017_12_BUF_KC,BUF,00-0028118,T.Taylor,34,3.847,72.0907,29
2017_12_BUF_KC,KC,00-0023436,A.Smith,41,-10.4497,-123.8016,35
2017_12_CAR_NYJ,CAR,00-0027939,C.Newton,33,-1.1329,-397.1608,28
2017_12_CAR_NYJ,NYJ,00-0021206,J.McCown,39,-3.2618,-148.6878,33
2017_12_CHI_PHI,CHI,00-0033869,M.Trubisky,37,-12.2696,-290.7816,32
2017_12_CHI_PHI,PHI,00-0029567,N.Foles,3,1.861,78.9662,3
2017_12_CHI_PHI,PHI,00-0032950,C.Wentz,40,7.418,-3.0671,36
2017_12_CLE_CIN,CIN,00-0027973,A.Dalton,31,8.1179,158.3227,26
2017_12_CLE_CIN,CLE,00-0033104,C.Kessler,2,-2.3958,-85.8813,1
2017_12_CLE_CIN,CLE,00-0033899,D.Kizer,39,4.8147,196.8653,29
2017_12_DEN_OAK,DEN,00-0032156,T.Siemian,24,9.934,-47.8692,20
2017_12_DEN_OAK,DEN,00-0033108,P.Lynch,19,-15.3652,-12.119,14
2017_12_DEN_OAK,LV,00-0031280,D.Carr,26,5.9225,281.1489,24
2017_12_GB_PIT,GB,00-0031589,B.Hundley,31,11.2938,-21.4308,25
2017_12_GB_PIT,PIT,00-0022924,B.Roethlisberger,50,15.9295,354.8438,45
2017_12_HOU_BAL,BAL,00-0024417,S.Koch,1,4.2512,69.3717,1
2017_12_HOU_BAL,BAL,00-0026158,J.Flacco,36,-10.0456,-155.2332,32
2017_12_HOU_BAL,HOU,00-0031064,T.Savage,39,-3.9748,-161.8844,37
2017_12_JAX_ARI,ARI,00-0027948,B.Gabbert,44,-5.0761,-232.2138,37
2017_12_JAX_ARI,JAX,00-0031407,B.Bortles,35,-9.1686,-314.1132,32
2017_12_LAC_DAL,DAL,00-0033077,D.Prescott,30,-15.7135,321.3718,25
2017_12_LAC_DAL,LAC,00-0022942,P.Rivers,33,31.327,597.7551,33
2017_12_MIA_NE,MIA,00-0025708,M.Moore,42,-8.078,55.1691,33
2017_12_MIA_NE,NE,00-0019596,T.Brady,29,8.5559,74.4287,28
2017_12_MIN_DET,DET,00-0026498,M.Stafford,38,-1.3114,-292.9368,35
2017_12_MIN_DET,MIN,00-0028986,C.Keenum,35,17.4189,233.0078,30
2017_12_NO_LA,LA,00-0033106,J.Goff,47,8.3685,202.2268,42
2017_12_NO_LA,LA,00-0033908,C.Kupp,1,-0.3983,-56.1665,1
2017_12_NO_LA,NO,00-0020531,D.Brees,36,-1.0229,125.6541,32
2017_12_NYG_WAS,NYG,00-0022803,E.Manning,32,-17.5915,-368.2065,26
2017_12_NYG_WAS,WAS,00-0029604,K.Cousins,38,-9.7799,-125.2668,30
2017_12_SEA_SF,SEA,00-0029263,R.Wilson,38,6.1879,126.926,33
2017_12_SEA_SF,SF,00-0031345,J.Garoppolo,3,4.086,114.9225,2
2017_12_SEA_SF,SF,00-0033936,C.Beathard,42,-16.1307,-1.2047,36
2017_12_TB_ATL,ATL,00-0026143,M.Ryan,34,16.5511,463.3038,33
2017_12_TB_ATL,ATL,00-0029632,M.Sanu,1,4.4581,75.7777,1
2017_12_TB_ATL,TB,00-0023682,R.Fitzpatrick,47,3.9907,-62.7677,44
2017_12_TEN_IND,IND,00-0033119,J.Brissett,38,-4.4443,-138.6211,27
2017_12_TEN_IND,TEN,00-0032268,M.Mariota,26,-1.9861,61.6564,24
2017_13_CAR_NO,CAR,00-0027939,C.Newton,31,0.7801,-153.1311,27
2017_13_CAR_NO,CAR,00-0031363,M.Palardy,1,-2.9629,-68.1329,1
2017_13_CAR_NO,NO,00-0020531,D.Brees,37,5.9451,198.1943,33
2017_13_CLE_LAC,CLE,00-0033899,D.Kizer,36,-2.6059,-264.5534,32
2017_13_CLE_LAC,LAC,00-0022942,P.Rivers,44,15.2373,471.909,43
2017_13_DEN_MIA,DEN,00-0032156,T.Siemian,47,-27.8212,-644.4615,40
2017_13_DEN_MIA,MIA,00-0024226,J.Cutler,34,-8.3121,-73.2036,31
2017_13_DEN_MIA,MIA,00-0031076,D.Fales,1,-1.2507,-33.8147,1
2017_13_DET_BAL,BAL,00-0026158,J.Flacco,36,5.9214,-17.3291,36
2017_13_DET_BAL,DET,00-0026498,M.Stafford,34,7.2978,588.546,29
2017_13_DET_BAL,DET,00-0032431,J.Rudock,5,-6.6705,-46.9813,5
2017_13_HOU_TEN,HOU,00-0031064,T.Savage,52,10.4509,172.7256,48
2017_13_HOU_TEN,TEN,00-0032268,M.Mariota,28,3.7561,152.1369,21
2017_13_IND_JAX,IND,00-0033119,J.Brissett,43,-6.444,-159.7692,34
2017_13_IND_JAX,JAX,00-0029304,B.Nortman,2,3.5464,35.587,1
2017_13_IND_JAX,JAX,00-0031407,B.Bortles,39,20.3915,390.3634,34
2017_13_KC_NYJ,KC,00-0023436,A.Smith,36,21.8079,20.1252,32
2017_13_KC_NYJ,NYJ,00-0021206,J.McCown,38,21.8618,538.3923,34
2017_13_LA_ARI,ARI,00-0027948,B.Gabbert,42,-16.7795,-149.2778,32
2017_13_LA_ARI,LA,00-0033106,J.Goff,32,3.6803,-20.4108,31
2017_13_MIN_ATL,ATL,00-0026143,M.Ryan,30,-1.4295,-290.4575,29
2017_13_MIN_ATL,MIN,00-0028986,C.Keenum,33,4.8311,355.5266,30
2017_13_NE_BUF,BUF,00-0027796,J.Webb,1,-0.6012,-34.5185,1
2017_13_NE_BUF,BUF,00-0028118,T.Taylor,24,-9.3855,-255.2294,18
2017_13_NE_BUF,BUF,00-0033958,N.Peterman,17,-11.8623,-274.6445,15
2017_13_NE_BUF,NE,00-0019596,T.Brady,33,12.501,158.6784,30
2017_13_NYG_OAK,LV,00-0031280,D.Carr,37,11.9037,-109.2769,35
2017_13_NYG_OAK,NYG,00-0030565,G.Smith,40,-8.4158,-96.2078,33
2017_13_PHI_SEA,PHI,00-0032950,C.Wentz,49,2.9563,273.2719,45
2017_13_PHI_SEA,SEA,00-0029263,R.Wilson,35,9.3838,279.8923,27
2017_13_PIT_CIN,CIN,00-0027973,A.Dalton,38,6.7753,-99.2663,35
2017_13_PIT_CIN,PIT,00-0022924,B.Roethlisberger,41,2.2312,-48.9194,40
2017_13_SF_CHI,CHI,00-0033869,M.Trubisky,20,-0.676,114.0637,15
2017_13_SF_CHI,SF,00-0031345,J.Garoppolo,40,11.5415,178.1565,37
2017_13_TB_GB,GB,00-0031589,B.Hundley,28,-6.8647,-114.2958,22
2017_13_TB_GB,TB,00-0031503,J.Winston,41,0.8386,212.6019,32
2017_13_WAS_DAL,DAL,00-0033077,D.Prescott,27,-1.0544,-244.461,22
2017_13_WAS_DAL,WAS,00-0029604,K.Cousins,43,-5.4375,155.8962,36
2017_14_BAL_PIT,BAL,00-0026158,J.Flacco,35,7.8456,-157.7336,34
2017_14_BAL_PIT,PIT,00-0022924,B.Roethlisberger,68,17.1943,378.4495,64
2017_14_CHI_CIN,CHI,00-0033869,M.Trubisky,33,13.5594,450.2267,31
2017_14_CHI_CIN,CIN,00-0027973,A.Dalton,31,-8.737,-314.0128,28
2017_14_CHI_CIN,CIN,00-0031288,A.McCarron,9,-3.5887,-98.7964,8
2017_14_DAL_NYG,DAL,00-0033077,D.Prescott,33,17.6549,54.1604,30
2017_14_DAL_NYG,NYG,00-0022803,E.Manning,46,-8.9609,-19.5686,46
2017_14_DET_TB,DET,00-0026498,M.Stafford,44,15.3846,570.5015,44
2017_14_DET_TB,TB,00-0031503,J.Winston,42,2.0446,288.8264,37
2017_14_GB_CLE,CLE,00-0033899,D.Kizer,31,7.7995,373.4574,28
2017_14_GB_CLE,GB,00-0031589,B.Hundley,50,15.0012,376.1063,46
2017_14_IND_BUF,BUF,00-0027796,J.Webb,6,-4.6343,-142.5789,6
2017_14_IND_BUF,BUF,00-0033958,N.Peterman,10,0.3146,-98.9013,8
2017_14_IND_BUF,IND,00-0033119,J.Brissett,24,-4.1585,-129.0605,20
2017_14_MIN_CAR,CAR,00-0027939,C.Newton,27,-2.4591,-108.8207,23
2017_14_MIN_CAR,MIN,00-0028986,C.Keenum,56,-6.6413,30.8436,43
2017_14_NE_MIA,MIA,00-0024226,J.Cutler,41,3.0239,293.2562,34
2017_14_NE_MIA,NE,00-0019596,T.Brady,45,-6.7077,-172.2893,41
2017_14_NO_ATL,ATL,00-0026143,M.Ryan,29,-4.1057,-125.3572,27
2017_14_NO_ATL,NO,00-0020531,D.Brees,37,1.3807,215.961,35
2017_14_NYJ_DEN,DEN,00-0032156,T.Siemian,35,3.5761,215.5831,28
2017_14_NYJ_DEN,NYJ,00-0021206,J.McCown,17,-13.5266,-175.4799,12
2017_14_NYJ_DEN,NYJ,00-0031568,B.Petty,10,-7.8212,-350.1045,9
2017_14_OAK_KC,KC,00-0023436,A.Smith,41,2.9973,-98.8825,34
2017_14_OAK_KC,LV,00-0031280,D.Carr,45,-6.7738,-167.4383,41
2017_14_PHI_LA,LA,00-0033106,J.Goff,29,0.5126,27.4587,25
2017_14_PHI_LA,PHI,00-0029567,N.Foles,11,-1.7565,8.8963,10
2017_14_PHI_LA,PHI,00-0032950,C.Wentz,45,18.4689,-101.1654,41
2017_14_SEA_JAX,JAX,00-0031407,B.Bortles,28,10.6016,45.9996,27
2017_14_SEA_JAX,SEA,00-0029263,R.Wilson,35,1.1922,84.5593,29
2017_14_SF_HOU,HOU,00-0028090,T.Yates,30,6.4507,-140.5577,26
2017_14_SF_HOU,HOU,00-0031064,T.Savage,14,-6.3105,-85.1555,11
2017_14_SF_HOU,SF,00-0031345,J.Garoppolo,35,8.1718,170.5895,32
2017_14_TEN_ARI,ARI,00-0027948,B.Gabbert,36,-8.1047,-39.1757,26
2017_14_TEN_ARI,TEN,00-0032268,M.Mariota,35,-15.7378,-294.2669,31
2017_14_WAS_LAC,LAC,00-0022942,P.Rivers,33,11.4579,-110.0599,31
2017_14_WAS_LAC,LAC,00-0024264,K.Clemens,3,-12.563,-69.1847,3
2017_14_WAS_LAC,WAS,00-0029604,K.Cousins,31,-9.6229,-153.0148,27
2017_15_ARI_WAS,ARI,00-0027948,B.Gabbert,48,-22.505,-776.3838,40
2017_15_ARI_WAS,WAS,00-0029604,K.Cousins,28,3.1659,137.595,26
2017_15_ATL_TB,ATL,00-0026143,M.Ryan,35,9.6726,-42.0161,30
2017_15_ATL_TB,TB,00-0031503,J.Winston,38,14.7172,691.546,33
2017_15_BAL_CLE,BAL,00-0026158,J.Flacco,43,5.5927,35.9365,42
2017_15_BAL_CLE,CLE,00-0033899,D.Kizer,43,-18.9818,-273.8,37
2017_15_CHI_DET,CHI,00-0033869,M.Trubisky,48,-2.6629,-187.8351,46
2017_15_CHI_DET,DET,00-0026498,M.Stafford,37,1.0709,127.6507,33
2017_15_CIN_MIN,CIN,00-0027973,A.Dalton,25,-21.2739,-418.1688,22
2017_15_CIN_MIN,CIN,00-0031288,A.McCarron,6,0.9997,-100.2332,6
2017_15_CIN_MIN,MIN,00-0028986,C.Keenum,26,7.5365,373.8076,23
2017_15_CIN_MIN,MIN,00-0031237,T.Bridgewater,2,-7.3488,-158.251,2
2017_15_DAL_OAK,DAL,00-0033077,D.Prescott,31,0.6939,157.055,27
2017_15_DAL_OAK,LV,00-0031280,D.Carr,41,2.6086,-202.4689,38
2017_15_DEN_IND,DEN,00-0029682,B.Osweiler,20,19.822,244.3414,17
2017_15_DEN_IND,DEN,00-0032156,T.Siemian,11,-2.4499,19.3661,8
2017_15_DEN_IND,IND,00-0033119,J.Brissett,35,-1.6183,-265.782,28
2017_15_GB_CAR,CAR,00-0027939,C.Newton,36,15.2893,113.3064,30
2017_15_GB_CAR,GB,00-0023459,A.Rodgers,52,2.2766,-159.2092,43
2017_15_HOU_JAX,HOU,00-0028090,T.Yates,35,-14.0108,-504.679,29
2017_15_HOU_JAX,JAX,00-0031407,B.Bortles,30,18.6769,361.801,26
2017_15_LAC_KC,KC,00-0023436,A.Smith,33,5.7387,175.4685,30
2017_15_LAC_KC,LAC,00-0022942,P.Rivers,38,-6.7352,-170.9173,36
2017_15_LA_SEA,LA,00-0032245,S.Mannion,2,-3.45,-48.5376,2
2017_15_LA_SEA,LA,00-0033106,J.Goff,23,2.0718,-71.6237,21
2017_15_LA_SEA,SEA,00-0029263,R.Wilson,42,-17.9113,-288.7185,27
2017_15_MIA_BUF,BUF,00-0028118,T.Taylor,35,7.3537,-15.6121,28
2017_15_MIA_BUF,MIA,00-0024226,J.Cutler,53,-8.2465,-314.8817,49
2017_15_NE_PIT,NE,00-0019596,T.Brady,38,7.4309,97.1821,35
2017_15_NE_PIT,PIT,00-0022924,B.Roethlisberger,34,13.0704,330.1961,30
2017_15_NYJ_NO,NO,00-0020531,D.Brees,36,7.4441,64.7975,36
2017_15_NYJ_NO,NYJ,00-0031568,B.Petty,43,-9.5494,-503.1297,36
2017_15_PHI_NYG,NYG,00-0022803,E.Manning,59,10.0265,-35.8516,57
2017_15_PHI_NYG,PHI,00-0029567,N.Foles,39,10.5072,259.6208,37
2017_15_TEN_SF,SF,00-0031345,J.Garoppolo,45,15.16,475.1155,42
2017_15_TEN_SF,TEN,00-0032268,M.Mariota,34,13.179,360.1372,33
2017_16_ATL_NO,ATL,00-0026143,M.Ryan,42,4.8685,-110.2058,35
2017_16_ATL_NO,NO,00-0020531,D.Brees,29,-3.0043,46.8901,28
2017_16_BUF_NE,BUF,00-0028118,T.Taylor,46,-4.2125,-248.3826,38
2017_16_BUF_NE,NE,00-0019596,T.Brady,30,2.7852,228.6397,28
2017_16_CLE_CHI,CHI,00-0033869,M.Trubisky,32,0.9432,-160.501,23
2017_16_CLE_CHI,CLE,00-0033899,D.Kizer,40,-12.2198,-382.9626,36
2017_16_DEN_WAS,DEN,00-0029682,B.Osweiler,46,-18.5404,-346.7928,37
2017_16_DEN_WAS,WAS,00-0029604,K.Cousins,39,10.0902,-230.6802,37
2017_16_DET_CIN,CIN,00-0027973,A.Dalton,44,-1.0888,45.5493,40
2017_16_DET_CIN,DET,00-0026498,M.Stafford,38,-5.5915,-199.9371,34
2017_16_IND_BAL,BAL,00-0026158,J.Flacco,40,8.0939,204.2611,38
2017_16_IND_BAL,IND,00-0033119,J.Brissett,37,6.6036,-543.1225,33
2017_16_JAX_SF,JAX,00-0031407,B.Bortles,55,1.6357,-37.3468,50
2017_16_JAX_SF,SF,00-0031345,J.Garoppolo,32,12.72,269.9652,30
2017_16_LAC_NYJ,LAC,00-0022942,P.Rivers,40,6.8531,-227.4847,39
2017_16_LAC_NYJ,NYJ,00-0031568,B.Petty,34,-11.436,-291.7291,28
2017_16_LA_TEN,LA,00-0028872,J.Hekker,1,-3.415,-21.8447,1
2017_16_LA_TEN,LA,00-0033106,J.Goff,40,15.3567,-107.7935,37
2017_16_LA_TEN,TEN,00-0032268,M.Mariota,42,-1.0754,-93.732,37
2017_16_MIA_KC,KC,00-0023436,A.Smith,42,17.063,165.4418,39
2017_16_MIA_KC,MIA,00-0024226,J.Cutler,38,5.9712,-347.2489,37
2017_16_MIN_GB,GB,00-0031589,B.Hundley,45,-22.2164,-640.5537,40
2017_16_MIN_GB,MIN,00-0028986,C.Keenum,28,-3.1143,-51.2095,25
2017_16_NYG_ARI,ARI,00-0022921,L.Fitzgerald,1,1.2413,42.1799,1
2017_16_NYG_ARI,ARI,00-0025430,D.Stanton,36,-6.9392,-43.7527,33
2017_16_NYG_ARI,NYG,00-0022803,E.Manning,48,-20.1273,-283.9056,44
2017_16_OAK_PHI,LV,00-0031280,D.Carr,32,-16.1965,-315.9573,28
2017_16_OAK_PHI,PHI,00-0029567,N.Foles,40,-16.2821,-419.11,36
2017_16_PIT_HOU,HOU,00-0028090,T.Yates,23,-15.2858,-292.9315,15
2017_16_PIT_HOU,HOU,00-0031800,T.Heinicke,3,-1.691,30.4454,1
2017_16_PIT_HOU,PIT,00-0022924,B.Roethlisberger,29,13.0489,9.6395,29
2017_16_PIT_HOU,PIT,00-0030524,L.Jones,1,-1.064,-69.6238,1
2017_16_SEA_DAL,DAL,00-0033077,D.Prescott,40,-13.286,-249.9852,34
2017_16_SEA_DAL,SEA,00-0029263,R.Wilson,26,-0.2132,220.286,20
2017_16_TB_CAR,CAR,00-0023645,D.Anderson,1,-1.3662,-51.5069,1
2017_16_TB_CAR,CAR,00-0027939,C.Newton,30,-10.4366,69.7858,25
2017_16_TB_CAR,TB,00-0031503,J.Winston,35,8.5776,645.0686,27
2017_17_ARI_SEA,ARI,00-0025430,D.Stanton,35,-4.9508,-443.2951,33
2017_17_ARI_SEA,SEA,00-0029263,R.Wilson,35,0.3292,-61.3474,28
2017_17_BUF_MIA,BUF,00-0028118,T.Taylor,35,10.3352,159.2297,27
2017_17_BUF_MIA,MIA,00-0024226,J.Cutler,2,-1.1445,-9.1073,2
2017_17_BUF_MIA,MIA,00-0031076,D.Fales,46,-1.7074,149.6647,41
2017_17_CAR_ATL,ATL,00-0026143,M.Ryan,47,7.1845,-100.8738,42
2017_17_CAR_ATL,CAR,00-0027939,C.Newton,39,-12.4955,-609.2079,33
2017_17_CHI_MIN,CHI,00-0033556,T.Cohen,1,-0.4769,-33.3132,1
2017_17_CHI_MIN,CHI,00-0033869,M.Trubisky,38,-18.4021,-325.6933,35
2017_17_CHI_MIN,MIN,00-0028986,C.Keenum,31,-0.9686,172.5322,28
2017_17_CIN_BAL,BAL,00-0026158,J.Flacco,48,-18.0829,-640.7059,47
2017_17_CIN_BAL,CIN,00-0027973,A.Dalton,44,2.675,-367.318,41
2017_17_CLE_PIT,CLE,00-0033899,D.Kizer,41,12.0226,-206.4327,30
2017_17_CLE_PIT,PIT,00-0030524,L.Jones,30,-2.7689,497.5365,27
2017_17_DAL_PHI,DAL,00-0033077,D.Prescott,33,1.2934,-118.7153,30
2017_17_DAL_PHI,PHI,00-0029567,N.Foles,11,-7.9277,-312.2283,11
2017_17_DAL_PHI,PHI,00-0032792,N.Sudfeld,27,-8.7072,323.1852,22
2017_17_GB_DET,DET,00-0026498,M.Stafford,32,10.0626,88.3387,29
2017_17_GB_DET,DET,00-0027891,G.Tate,1,1.053,0.0,0
2017_17_GB_DET,GB,00-0028002,R.Cobb,1,0.6067,13.1624,1
2017_17_GB_DET,GB,00-0031589,B.Hundley,30,-11.6786,-170.4418,23
2017_17_GB_DET,GB,00-0032630,J.Callahan,7,-3.5543,27.5066,7
2017_17_HOU_IND,HOU,00-0028090,T.Yates,27,0.6104,-26.3859,23
2017_17_HOU_IND,IND,00-0033119,J.Brissett,29,1.9884,-100.3131,24
2017_17_JAX_TEN,JAX,00-0031407,B.Bortles,36,-10.8499,-592.8654,34
2017_17_JAX_TEN,TEN,00-0032268,M.Mariota,28,-1.1189,-210.6163,21
2017_17_KC_DEN,DEN,00-0033108,P.Lynch,39,-4.2518,184.7362,31
2017_17_KC_DEN,KC,00-0030151,T.Bray,1,-1.1561,-67.6982,1
2017_17_KC_DEN,KC,00-0033873,P.Mahomes,39,8.1385,104.2269,34
2017_17_NO_TB,NO,00-0020531,D.Brees,32,8.9648,229.4643,30
2017_17_NO_TB,TB,00-0031503,J.Winston,59,13.3656,-137.1776,50
2017_17_NYJ_NE,NE,00-0019596,T.Brady,39,-2.1986,-497.1729,36
2017_17_NYJ_NE,NE,00-0026625,B.Hoyer,3,-2.6544,-79.462,3
2017_17_NYJ_NE,NYJ,00-0031568,B.Petty,40,-1.9055,-419.5551,36
2017_17_OAK_LAC,LAC,00-0022942,P.Rivers,39,20.0232,436.3448,36
2017_17_OAK_LAC,LV,00-0031280,D.Carr,31,-1.0285,154.9228,27
2017_17_SF_LA,LA,00-0032245,S.Mannion,37,-12.4257,-217.0149,34
2017_17_SF_LA,SF,00-0031345,J.Garoppolo,33,8.7184,-151.7021,33
2017_17_WAS_NYG,NYG,00-0022803,E.Manning,31,-13.6487,-771.6838,28
2017_17_WAS_NYG,WAS,00-0029604,K.Cousins,40,-22.484,-569.8615,37
2017_18_ATL_LA,ATL,00-0026143,M.Ryan,35,6.2254,76.8562,29
2017_18_ATL_LA,LA,00-0033106,J.Goff,48,-3.9431,-440.3902,45
2017_18_BUF_JAX,BUF,00-0028118,T.Taylor,43,-9.1892,-454.0732,33
2017_18_BUF_JAX,BUF,00-0033958,N.Peterman,4,-1.2899,-37.4801,2
2017_18_BUF_JAX,JAX,00-0031407,B.Bortles,29,-5.2976,-340.1781,22
2017_18_CAR_NO,CAR,00-0023645,D.Anderson,1,-0.8926,-89.3993,1
2017_18_CAR_NO,CAR,00-0027939,C.Newton,46,10.0436,35.4401,37
2017_18_CAR_NO,NO,00-0020531,D.Brees,34,16.4456,435.9578,30
2017_18_TEN_KC,KC,00-0023436,A.Smith,39,4.4107,337.2029,32
2017_18_TEN_KC,TEN,00-0032268,M.Mariota,39,5.349,66.3294,30
2017_19_ATL_PHI,ATL,00-0026143,M.Ryan,39,-2.3191,28.935,36
2017_19_ATL_PHI,PHI,00-0029567,N.Foles,31,8.6517,274.5527,30
2017_19_JAX_PIT,JAX,00-0031407,B.Bortles,28,13.2417,-73.9266,25
2017_19_JAX_PIT,PIT,00-0022924,B.Roethlisberger,62,18.6035,80.4695,57
2017_19_NO_MIN,MIN,00-0028986,C.Keenum,43,4.4195,-75.5278,40
2017_19_NO_MIN,NO,00-0020531,D.Brees,42,6.6804,-197.2859,40
2017_19_NO_MIN,NO,00-0030663,W.Snead,1,-1.5375,-45.0034,1
2017_19_TEN_NE,NE,00-0019596,T.Brady,53,15.6325,-24.0302,53
2017_19_TEN_NE,TEN,00-0032268,M.Mariota,49,3.3003,40.1205,38
2017_20_JAX_NE,JAX,00-0031407,B.Bortles,39,7.6284,15.5682,36
2017_20_JAX_NE,NE,00-0019596,T.Brady,42,8.2527,284.0772,38
2017_20_JAX_NE,NE,00-0026035,D.Amendola,1,1.238,13.7694,1
2017_20_MIN_PHI,MIN,00-0028986,C.Keenum,50,-11.5951,-94.1871,46
2017_20_MIN_PHI,PHI,00-0029567,N.Foles,34,23.8811,656.3105,32
2017_21_PHI_NE,NE,00-0019596,T.Brady,48,19.7753,65.2499,46
2017_21_PHI_NE,NE,00-0026035,D.Amendola,1,-1.0008,-67.3981,1
2017_21_PHI_NE,PHI,00-0029567,N.Foles,45,19.8161,212.7583,43
2017_21_PHI_NE,PHI,00-0030710,T.Burton,1,3.1394,42.3301,1
