game_id,team,plays,epa,success,passPlays,passEPA,rushPlays,rushEPA,neutralPlays,neutralEPA,turnovers
2015_01_BAL_DEN,BAL,58,-21.015521365018714,17.0,35.0,-16.65266803370998,23.0,-4.3628533313087345,58,-21.015521365018714,2.0
2015_01_BAL_DEN,DEN,69,-15.664332760943985,23.0,45.0,-10.835184190577316,24.0,-4.8291485703666694,69,-15.664332760943985,1.0
2015_01_CAR_JAX,CAR,69,-6.118332652522395,25.0,38.0,-0.49244508261142794,31.0,-5.625887569910967,58,-4.776005806318042,1.0
2015_01_CAR_JAX,JAX,66,-21.036379604372556,25.0,47.0,-20.70091461379117,19.0,-0.3354649905813858,58,-14.720556097168371,3.0
2015_01_CIN_OAK,CIN,66,15.317275688816771,30.0,38.0,14.920334695526144,28.0,0.3969409932906274,30,10.647127154891042,0.0
2015_01_CIN_OAK,LV,63,-10.911641604077769,23.0,47.0,-4.113680506197736,16.0,-6.797961097880034,25,-6.658255220740102,2.0
2015_01_CLE_NYJ,CLE,67,-15.879587616700842,26.0,45.0,-10.682783975719172,22.0,-5.1968036409816705,47,-3.4735064256113715,4.0
2015_01_CLE_NYJ,NYJ,59,8.784326003450953,27.0,24.0,10.326020823814726,35.0,-1.541694820363773,38,7.726438541081734,2.0
2015_01_DET_SD,DET,47,0.10645293610286899,21.0,31.0,-1.2557867878349498,16.0,1.3622397239378188,40,-6.222014013415901,2.0
2015_01_DET_SD,LAC,73,5.592076611262641,37.0,43.0,12.408935663109773,30.0,-6.816859051847132,69,2.7843891409806787,3.0
2015_01_GB_CHI,CHI,72,6.746484519763946,33.0,42.0,0.6329212664344475,30.0,6.1135632533295,66,0.7512126775356975,1.0
2015_01_GB_CHI,GB,57,22.33521224952422,32.0,33.0,18.317829539952825,24.0,4.017382709571393,50,18.750114931358283,0.0
2015_01_IND_BUF,BUF,56,4.504859556015415,20.0,23.0,9.651024424667773,33.0,-5.146164868652357,24,5.302356466258408,0.0
2015_01_IND_BUF,IND,74,0.7086447826776121,30.0,59.0,1.0281115737351056,15.0,-0.31946679105749354,35,-6.2959036610076735,2.0
2015_01_KC_HOU,HOU,75,-9.78180089266899,34.0,55.0,-5.006686804873618,20.0,-4.775114087795373,29,-9.40877250750782,2.0
2015_01_KC_HOU,KC,67,0.15263285707213492,29.0,39.0,5.100636199621917,28.0,-4.948003342549782,32,10.816337042419708,0.0
2015_01_MIA_WAS,MIA,55,-4.92530876968953,24.0,38.0,0.6518050369879864,17.0,-5.5771138066775165,50,-4.128726423373103,1.0
2015_01_MIA_WAS,WAS,75,-5.914151529563421,35.0,37.0,-0.9841567804396618,38.0,-4.929994749123759,75,-5.914151529563421,2.0
2015_01_MIN_SF,MIN,55,-17.360464407177005,19.0,41.0,-17.268654424801298,14.0,-0.09180998237570748,45,-9.571741964248302,1.0
2015_01_MIN_SF,SF,68,11.490324316908763,37.0,32.0,6.522217879201444,36.0,4.96810643770732,58,9.350391919657483,0.0
2015_01_NO_ARI,ARI,61,12.815082773874813,28.0,38.0,19.44676975299378,23.0,-6.631686979118967,58,7.616556698764973,1.0
2015_01_NO_ARI,NO,73,-1.4999899327744912,27.0,52.0,3.1668510415834192,21.0,-4.6668409743579105,68,1.4885894087851796,1.0
2015_01_NYG_DAL,DAL,69,0.910088558077371,39.0,47.0,3.3382694095270953,22.0,-2.4281808514497243,69,0.910088558077371,3.0
2015_01_NYG_DAL,NYG,61,2.859030978632792,24.0,38.0,1.6835890596508318,23.0,1.17544191898196,55,4.384017475843974,0.0
2015_01_PHI_ATL,ATL,73,-6.909529940086038,30.0,42.0,0.046058561351984384,31.0,-6.955588501438023,68,-3.843028148089623,2.0
2015_01_PHI_ATL,PHI,73,0.3360816141348697,34.0,54.0,1.2401939376969455,19.0,-0.9041123235620758,67,0.7659018030381195,2.0
2015_01_PIT_NE,NE,60,17.416866385145113,32.0,36.0,18.912734184064902,24.0,-1.4958677989197895,38,13.433033645385876,0.0
2015_01_PIT_NE,PIT,72,17.957207273291466,37.0,44.0,17.604075957858072,28.0,0.35313131543339793,46,9.041146972514733,1.0
2015_01_SEA_STL,LA,58,-6.626651761277569,27.0,32.0,6.480571438635709,26.0,-13.107223199913278,51,-4.7423303965720605,3.0
2015_01_SEA_STL,SEA,80,-3.7369414163251564,38.0,54.0,-3.65412018346192,26.0,-0.08282123286323628,79,-5.5338055191525415,1.0
2015_01_TEN_TB,TB,70,-20.001096230291296,23.0,46.0,-9.158752997289412,24.0,-10.842343233001884,23,-10.822723842342384,2.0
2015_01_TEN_TB,TEN,52,15.657321035396308,28.0,20.0,23.10158231377136,32.0,-7.444261278375052,21,14.326530566759175,1.0
2015_02_ARI_CHI,ARI,55,17.77885251463158,27.0,28.0,16.763933142472524,27.0,1.0149193721590564,27,9.827928171202075,1.0
2015_02_ARI_CHI,CHI,65,-12.771357784228597,22.0,38.0,-7.858459626940396,27.0,-4.9128981572882005,43,-6.898499251304191,2.0
2015_02_ATL_NYG,ATL,71,17.074476562808414,33.0,49.0,18.447708211566933,22.0,-1.3732316487585194,71,17.074476562808414,0.0
2015_02_ATL_NYG,NYG,68,4.927111433137255,28.0,46.0,9.937787544453531,22.0,-5.010676111316277,63,10.15293727351171,1.0
2015_02_BAL_OAK,BAL,78,17.613122763950187,43.0,52.0,12.301360211998498,26.0,5.311762551951688,77,17.783106629177738,2.0
2015_02_BAL_OAK,LV,68,18.627284161725033,40.0,50.0,16.381248438709367,18.0,2.246035723015666,68,18.627284161725033,1.0
2015_02_DAL_PHI,DAL,75,-6.1933362720239264,29.0,44.0,1.0597529045833918,31.0,-7.253089176607318,49,5.261331102118519,2.0
2015_02_DAL_PHI,PHI,61,-19.321768316762036,25.0,44.0,-4.018533313968664,17.0,-15.303235002793372,41,-25.03984834437303,3.0
2015_02_DEN_KC,DEN,73,-10.905172500193208,28.0,51.0,-0.978376029482666,22.0,-9.926796470710542,70,-14.59564859130615,1.0
2015_02_DEN_KC,KC,60,-13.495443908307212,24.0,33.0,-13.205712728710356,27.0,-0.28973117959685624,58,-13.368338130806084,4.0
2015_02_DET_MIN,DET,76,-6.382383452572843,33.0,63.0,4.287646942418085,13.0,-10.670030394990928,42,-8.481393481027318,3.0
2015_02_DET_MIN,MIN,63,6.553474620951501,26.0,24.0,8.18372611213189,39.0,-1.6302514911803883,36,8.20852085200993,1.0
2015_02_HOU_CAR,CAR,74,-3.396653398732774,28.0,46.0,-5.057147527120428,28.0,1.6604941283876542,69,-6.544493135254211,1.0
2015_02_HOU_CAR,HOU,86,-8.845546983565033,29.0,63.0,-5.66266262912966,23.0,-3.182884354435373,78,-12.955607141285032,1.0
2015_02_MIA_JAX,JAX,72,5.241271054779278,31.0,41.0,11.047298894234327,31.0,-5.806027839455049,72,5.241271054779278,0.0
2015_02_MIA_JAX,MIA,65,6.333491249851523,26.0,49.0,13.837796656674346,16.0,-7.504305406822823,64,8.291256357913245,0.0
2015_02_NE_BUF,BUF,72,-0.3881606138891076,32.0,47.0,-3.9779894978709054,25.0,3.589828883981798,43,-9.616657513746759,3.0
2015_02_NE_BUF,NE,79,7.775187323580981,37.0,65.0,6.7035358532315055,14.0,1.0716514703494764,47,11.740189472421747,2.0
2015_02_NYJ_IND,IND,64,-14.256773687447502,27.0,43.0,-5.349564347313797,21.0,-8.907209340133704,56,-12.355169482485007,5.0
2015_02_NYJ_IND,NYJ,66,1.8698362003704894,30.0,40.0,8.350423799955783,26.0,-6.480587599585293,58,1.133595621944751,1.0
2015_02_SD_CIN,CIN,63,0.825742446852678,29.0,31.0,9.37209899697948,32.0,-8.546356550126802,62,1.2479672081887885,2.0
2015_02_SD_CIN,LAC,60,2.613676664741294,30.0,35.0,1.7078158109523853,25.0,0.9058608537889086,47,-3.9056229560211735,2.0
2015_02_SEA_GB,GB,68,6.958331739850072,32.0,44.0,8.161607534897259,24.0,-1.2032757950471868,60,7.629482689440694,1.0
2015_02_SEA_GB,SEA,58,-1.5782066042133014,30.0,37.0,0.2294356530934234,21.0,-1.8076422573067248,53,-0.9898028570290993,2.0
2015_02_SF_PIT,PIT,52,29.045520457119217,29.0,31.0,26.925929393503118,21.0,2.119591063616099,27,14.379787349462509,0.0
2015_02_SF_PIT,SF,86,3.3559039781996365,41.0,56.0,9.092712890649851,30.0,-5.736808912450215,29,-7.988276644098634,1.0
2015_02_STL_WAS,LA,50,-14.10007782983674,14.0,37.0,-11.790294421418443,13.0,-2.3097834084182978,30,-8.869956522015855,0.0
2015_02_STL_WAS,WAS,69,-0.3983998064453971,24.0,30.0,3.739550880932782,39.0,-4.137950687378179,42,3.468622149395358,1.0
2015_02_TB_NO,NO,73,-7.913230510954685,31.0,47.0,-10.069935706679184,26.0,2.1567051957244985,51,-12.109819116990021,3.0
2015_02_TB_NO,TB,64,-3.2959631665065405,29.0,32.0,5.3797861136925995,32.0,-8.67574928019914,53,8.185443833613034,2.0
2015_02_TEN_CLE,CLE,48,-2.1979314702330157,20.0,18.0,3.414402008347679,30.0,-5.612333478580695,12,8.378133992198855,0.0
2015_02_TEN_CLE,TEN,77,-2.5302041486720555,31.0,49.0,-0.21763217126135714,28.0,-2.3125719774106983,29,-11.85192409879528,3.0
2015_03_ATL_DAL,ATL,73,22.003779930865292,44.0,43.0,16.77219581693005,30.0,5.2315841139352415,71,23.028458801551622,0.0
2015_03_ATL_DAL,DAL,53,7.379794793436304,30.0,31.0,4.605839109135559,22.0,2.773955684300745,47,10.633099637110718,1.0
2015_03_BUF_MIA,BUF,64,18.992095124176533,29.0,32.0,23.341455398711517,32.0,-4.349360274534984,26,15.60470949745865,0.0
2015_03_BUF_MIA,MIA,75,-10.78112275329465,38.0,54.0,-15.841052680087042,21.0,5.0599299267923925,29,-18.47819530707784,3.0
2015_03_CHI_SEA,CHI,47,-13.810700778849423,13.0,22.0,-9.585667424253188,25.0,-4.225033354596235,34,-4.7093697192613035,0.0
2015_03_CHI_SEA,SEA,62,4.136808778847344,27.0,37.0,5.3583919563575275,25.0,-1.2215831775101833,26,-4.544335236935538,0.0
2015_03_CIN_BAL,BAL,75,-0.5050155947723654,30.0,55.0,6.87658320704538,20.0,-7.381598801817745,74,-7.226950517277535,1.0
2015_03_CIN_BAL,CIN,71,1.3531702735926956,31.0,43.0,13.095497998059727,28.0,-11.742327724467032,56,16.671084984147456,2.0
2015_03_DEN_DET,DEN,63,1.9752503050258383,28.0,44.0,6.1832797767128795,19.0,-4.208029471687041,60,-0.43064333754591644,2.0
2015_03_DEN_DET,DET,73,-13.44886346709961,34.0,53.0,-6.520941476803273,20.0,-6.927921990296338,60,-12.958906303698196,3.0
2015_03_IND_TEN,IND,57,0.45068022329360247,27.0,39.0,-6.955051858793013,18.0,7.405732082086615,41,-5.889104716479778,2.0
2015_03_IND_TEN,TEN,81,-3.9388155328811347,35.0,51.0,0.5542536804848335,30.0,-4.493069213365968,63,-4.172215075655143,2.0
2015_03_JAX_NE,JAX,58,-0.3949173146245961,23.0,38.0,7.1795092217072884,20.0,-7.574426536331885,34,-4.479085918937759,1.0
2015_03_JAX_NE,NE,78,33.453606383473755,47.0,48.0,25.81522516077422,30.0,7.638381222699536,30,9.278034325609969,0.0
2015_03_KC_GB,GB,76,13.376510412955069,36.0,46.0,17.363292235589,30.0,-3.9867818226339296,47,14.544542816990399,0.0
2015_03_KC_GB,KC,71,2.153784015187062,27.0,59.0,-0.10274288486083971,12.0,2.256526900047902,16,-4.3797589940950274,1.0
2015_03_NO_CAR,CAR,65,16.672018692230612,29.0,36.0,14.0620954595928,29.0,2.6099232326378115,62,17.237267363800473,0.0
2015_03_NO_CAR,NO,71,9.442674266669819,34.0,45.0,8.798121765009048,26.0,0.6445525016607716,65,6.799621774029839,2.0
2015_03_OAK_CLE,CLE,72,5.6661969432727135,29.0,58.0,10.490618136956233,14.0,-4.82442119368352,40,-3.553454774140846,1.0
2015_03_OAK_CLE,LV,68,11.6389958268126,28.0,36.0,10.988728858574898,32.0,0.6502669682377018,48,15.378166574550058,1.0
2015_03_PHI_NYJ,NYJ,76,-18.715765190147422,28.0,62.0,-16.84024229996102,14.0,-1.875522890186403,33,-22.516303539159708,4.0
2015_03_PHI_NYJ,PHI,67,-9.46042989771427,27.0,31.0,-1.7775245864836995,36.0,-7.68290531123057,33,2.3494200986382987,1.0
2015_03_PIT_STL,LA,51,-11.729073095189294,18.0,33.0,-6.934135853599644,18.0,-4.7949372415896505,51,-11.729073095189294,1.0
2015_03_PIT_STL,PIT,61,-3.2874791133054306,28.0,40.0,3.851916766602005,21.0,-7.139395879907436,61,-3.2874791133054306,1.0
2015_03_SD_MIN,LAC,73,-10.070796112646349,30.0,45.0,-5.9278060147189535,28.0,-4.142990097927395,40,-6.676469340338372,2.0
2015_03_SD_MIN,MIN,55,2.501705538395279,22.0,25.0,-1.0488988657878258,30.0,3.5506044041831046,47,3.4381611911532923,1.0
2015_03_SF_ARI,ARI,71,15.86407072088332,35.0,37.0,12.194886916549876,34.0,3.669183804333443,12,2.322940457612276,1.0
2015_03_SF_ARI,SF,50,-27.287458118749782,20.0,25.0,-22.12171625753399,25.0,-5.165741861215793,12,-15.002783238887787,4.0
2015_03_TB_HOU,HOU,89,1.1577823089001655,42.0,42.0,5.321640846034313,47.0,-4.163858537134148,77,0.15816948144350862,1.0
2015_03_TB_HOU,TB,60,-7.673531164179641,21.0,40.0,-2.456706552006855,20.0,-5.216824612172786,56,-8.847573183022085,1.0
2015_03_WAS_NYG,NYG,67,9.551045719051707,27.0,35.0,16.44918540749999,32.0,-6.898139688448282,46,2.6736429052375916,0.0
2015_03_WAS_NYG,WAS,76,-1.7654885245835326,36.0,56.0,5.9546416487604,20.0,-7.720130173343932,38,-7.068235113340794,3.0
2015_04_BAL_PIT,BAL,79,-14.857627586289045,35.0,39.0,-12.070544643016142,40.0,-2.7870829432729045,77,-17.32886804599754,2.0
2015_04_BAL_PIT,PIT,62,-14.486492359472937,23.0,36.0,-14.409055843811878,26.0,-0.0774365156610588,59,-13.340921419302397,0.0
2015_04_CAR_TB,CAR,55,4.226035650037641,22.0,27.0,4.477890233542252,28.0,-0.25185458350460976,30,0.3079638459389624,1.0
2015_04_CAR_TB,TB,79,-13.906495673797394,39.0,51.0,-11.192930334404878,28.0,-2.7135653393925168,50,-19.86983810701065,5.0
2015_04_CLE_SD,CLE,71,9.056187820190399,35.0,49.0,11.533663633780389,22.0,-2.47747581358999,71,9.056187820190399,1.0
2015_04_CLE_SD,LAC,64,13.605594504214345,26.0,43.0,16.49953303584781,21.0,-2.8939385316334665,64,13.605594504214345,0.0
2015_04_DAL_NO,DAL,60,10.68337814437717,23.0,35.0,15.994598892028701,25.0,-5.311220747651532,59,8.924202224449512,0.0
2015_04_DAL_NO,NO,73,10.931452500557604,31.0,48.0,12.168605015902823,25.0,-1.2371525153452185,69,11.222661718417037,0.0
2015_04_DET_SEA,DET,56,-13.006088380760122,20.0,37.0,-8.051748331985511,19.0,-4.954340048774611,55,-12.99746369227076,1.0
2015_04_DET_SEA,SEA,62,-8.232737497976103,28.0,38.0,1.1432777698826442,24.0,-9.376015267858747,50,3.5839072038977804,2.0
2015_04_GB_SF,GB,73,6.405935310894776,35.0,42.0,5.2225781365611255,31.0,1.1833571743336506,50,11.162023891887797,0.0
2015_04_GB_SF,SF,50,-12.89490495825034,15.0,35.0,-8.098897810609419,15.0,-4.796007147640921,32,-6.465050288991409,1.0
2015_04_HOU_ATL,ATL,70,11.586855125831907,29.0,33.0,12.439519245526753,37.0,-0.8526641196948476,29,3.612299310741946,0.0
2015_04_HOU_ATL,HOU,77,-14.518472070236681,29.0,59.0,-6.375081598538896,18.0,-8.143390471697785,14,-16.839665092062205,4.0
2015_04_JAX_IND,IND,76,-5.997112276536774,32.0,54.0,7.685322267808822,22.0,-13.682434544345597,76,-5.997112276536774,2.0
2015_04_JAX_IND,JAX,81,0.12291239216774352,36.0,54.0,4.4533309449522145,27.0,-4.3304185527844705,81,0.12291239216774352,0.0
2015_04_KC_CIN,CIN,54,22.618348508362857,27.0,27.0,20.207222504194558,27.0,2.411126004168298,39,18.885322449673165,0.0
2015_04_KC_CIN,KC,75,5.225781048207989,38.0,57.0,4.202731460824122,18.0,1.0230495873838663,51,0.798789126911851,1.0
2015_04_MIN_DEN,DEN,55,-0.21110183321330567,22.0,32.0,-1.0945208823603565,23.0,0.8834190491470508,53,0.7690225648049278,2.0
2015_04_MIN_DEN,MIN,73,2.150851614818223,28.0,51.0,2.0996743228619588,22.0,0.051177291956264526,70,-5.958431127785459,1.0
2015_04_NYG_BUF,BUF,74,-17.842046648115307,23.0,51.0,-9.543988605521543,23.0,-8.298058042593766,47,-15.56667717915533,2.0
2015_04_NYG_BUF,NYG,69,-2.7815630317818227,27.0,41.0,-1.6799839912456314,28.0,-1.1015790405361914,45,8.93411262532381,1.0
2015_04_NYJ_MIA,MIA,64,-12.182973402843345,20.0,54.0,-13.026783009350765,10.0,0.8438096065074205,25,-2.320180182403419,2.0
2015_04_NYJ_MIA,NYJ,73,10.207712006048897,36.0,37.0,11.27962303277258,36.0,-1.0719110267236829,41,14.077824328966333,1.0
2015_04_OAK_CHI,CHI,78,-4.596352857317614,33.0,48.0,13.612898433202645,30.0,-18.209251290520257,78,-4.596352857317614,3.0
2015_04_OAK_CHI,LV,58,-9.012730857134235,26.0,36.0,0.4079765962251072,22.0,-9.420707453359341,58,-9.012730857134235,2.0
2015_04_PHI_WAS,PHI,56,3.347593107826688,20.0,37.0,12.548176507100143,19.0,-9.200583399273455,50,-6.506906859039882,2.0
2015_04_PHI_WAS,WAS,85,4.428243327071645,35.0,51.0,10.119727837312263,34.0,-5.691484510240619,83,5.378187236609623,1.0
2015_04_STL_ARI,ARI,72,1.612072210410008,35.0,52.0,1.4445488703684517,20.0,0.16752334004155633,71,-1.0184579157500027,2.0
2015_04_STL_ARI,LA,52,7.257642825985011,23.0,27.0,4.374866493606158,25.0,2.882776332378853,49,6.145177731210049,0.0
2015_05_ARI_DET,ARI,42,13.733903455664404,20.0,20.0,6.628238156205043,22.0,7.1056652994593605,17,8.119516990729608,0.0
2015_05_ARI_DET,DET,95,-20.574556223357447,42.0,76.0,-11.113040417440589,19.0,-9.46151580591686,42,-13.873351753805764,6.0
2015_05_BUF_TEN,BUF,50,0.27995514567010105,17.0,29.0,2.489292260725051,21.0,-2.20933711505495,50,0.27995514567010105,0.0
2015_05_BUF_TEN,TEN,69,-2.0005549829325115,25.0,42.0,4.101071815665351,27.0,-6.101626798597863,69,-2.0005549829325115,1.0
2015_05_CHI_KC,CHI,78,-2.6720049656622553,32.0,53.0,2.8261002307946352,25.0,-5.4981051964568906,54,-5.649809792234793,1.0
2015_05_CHI_KC,KC,58,-2.7056948917817296,28.0,35.0,-2.9938665681185173,23.0,0.28817167633678764,29,1.136233473490574,0.0
2015_05_CLE_BAL,BAL,70,7.812840444815315,32.0,38.0,1.0609789828823115,32.0,6.751861461933004,70,7.812840444815315,0.0
2015_05_CLE_BAL,CLE,88,18.016376969507654,41.0,64.0,20.73346308860847,24.0,-2.717086119100817,87,18.417280819661208,0.0
2015_05_DEN_OAK,DEN,58,-10.713882444410281,21.0,40.0,-3.8806344124443584,18.0,-6.833248031965923,52,-7.570244790853629,2.0
2015_05_DEN_OAK,LV,69,-16.640713269820274,23.0,44.0,-13.06591962126347,25.0,-3.574793648556806,57,-14.40241602913159,2.0
2015_05_IND_HOU,HOU,76,5.0010873921153856,39.0,48.0,13.125118623766701,28.0,-8.124031231651315,76,5.0010873921153856,2.0
2015_05_IND_HOU,IND,62,14.06489713758555,29.0,34.0,12.429054814747989,28.0,1.6358423228375614,56,14.489046026087355,0.0
2015_05_JAX_TB,JAX,59,3.7490262712747473,30.0,42.0,12.363610240041712,17.0,-8.614583968766965,49,-0.6775219766493272,2.0
2015_05_JAX_TB,TB,64,8.470029520557262,25.0,27.0,11.983788453869858,37.0,-3.5137589333125954,48,6.98664721763879,0.0
2015_05_NE_DAL,DAL,71,-19.06853117217374,29.0,49.0,-15.03544668084773,22.0,-4.033084491326008,31,-12.435178655242538,2.0
2015_05_NE_DAL,NE,57,6.514913085860919,31.0,36.0,9.265580150302815,21.0,-2.7506670644418962,41,2.2778608354896672,0.0
2015_05_NO_PHI,NO,68,-11.265710050667803,28.0,48.0,-11.955445113903078,20.0,0.6897350632352754,39,-6.73173069557215,4.0
2015_05_NO_PHI,PHI,84,8.438172920847428,43.0,51.0,3.473511235832933,33.0,4.964661685014495,59,3.778583275758145,2.0
2015_05_PIT_SD,LAC,75,-6.521460307662415,33.0,53.0,3.6821080842469414,22.0,-10.203568391909357,75,-6.521460307662415,2.0
2015_05_PIT_SD,PIT,56,1.5318362656607896,22.0,30.0,-2.152320520058307,26.0,3.6841567857190967,56,1.5318362656607896,1.0
2015_05_SEA_CIN,CIN,85,-2.3116181608121784,39.0,56.0,7.663338783831183,29.0,-9.97495694464336,71,-3.028550054186018,2.0
2015_05_SEA_CIN,SEA,60,3.136702778586775,29.0,30.0,-0.5035048111336007,30.0,3.640207589720376,47,8.71632146120596,1.0
2015_05_SF_NYG,NYG,78,17.693722408729393,44.0,58.0,21.96948321618762,20.0,-4.275760807458226,78,17.693722408729393,1.0
2015_05_SF_NYG,SF,67,17.89794092749785,32.0,43.0,15.784486080028111,24.0,2.1134548474697357,65,17.939486088398418,0.0
2015_05_STL_GB,GB,61,-13.581299642147275,23.0,41.0,-5.423692019062361,20.0,-8.157607623084914,40,-9.504254383326042,3.0
2015_05_STL_GB,LA,70,-19.356267334556225,25.0,34.0,-18.8843344684113,36.0,-0.47193286614492536,57,-19.783795239086853,4.0
2015_05_WAS_ATL,ATL,80,-0.8672019061253557,42.0,50.0,-6.565627506983528,30.0,5.698425600858172,80,-0.8672019061253557,3.0
2015_05_WAS_ATL,WAS,61,-10.434640294781346,22.0,37.0,-6.005545876014437,24.0,-4.429094418766908,61,-10.434640294781346,2.0
2015_06_ARI_PIT,ARI,69,-4.51612192136562,31.0,50.0,0.5139610844331237,19.0,-5.030083005798745,61,-4.432379994777502,3.0
2015_06_ARI_PIT,PIT,56,1.8793113405345556,24.0,29.0,9.149921718780636,27.0,-7.270610378246079,56,1.8793113405345556,0.0
2015_06_ATL_NO,ATL,73,-2.250311629031785,35.0,52.0,7.147434982878622,21.0,-9.397746611910407,47,-7.974645984824747,3.0
2015_06_ATL_NO,NO,71,9.279638128121183,34.0,41.0,16.664597524519568,30.0,-7.384959396398386,48,5.787076366141093,0.0
2015_06_BAL_SF,BAL,75,1.8792954151059362,40.0,53.0,4.5412474514806505,22.0,-2.6619520363747142,57,-13.450634947011075,2.0
2015_06_BAL_SF,SF,59,4.747529875504057,19.0,35.0,13.428120648214332,24.0,-8.680590772710275,53,9.638100060041356,0.0
2015_06_CAR_SEA,CAR,71,6.858359733421821,37.0,39.0,2.714075336320093,32.0,4.144284397101728,64,0.3130994962994009,2.0
2015_06_CAR_SEA,SEA,61,-4.0203819057981125,21.0,41.0,1.7251792669801405,20.0,-5.7455611727782525,55,-0.8113273375395322,0.0
2015_06_CHI_DET,CHI,80,4.14047122437856,35.0,47.0,11.492545263896462,33.0,-7.352074039517902,80,4.14047122437856,1.0
2015_06_CHI_DET,DET,82,12.394646817440991,39.0,53.0,15.150490836293645,29.0,-2.7558440188526547,81,15.052973215637937,1.0
2015_06_CIN_BUF,BUF,69,2.5444894326501526,34.0,45.0,0.5152600753935985,24.0,2.029229357256554,46,0.3264283869648352,1.0
2015_06_CIN_BUF,CIN,59,16.147591641317813,33.0,33.0,15.821926301664899,26.0,0.32566533965291455,41,13.825980280469047,0.0
2015_06_DEN_CLE,CLE,79,-24.20167290988776,30.0,48.0,-19.016082435370674,31.0,-5.185590474517085,79,-24.20167290988776,3.0
2015_06_DEN_CLE,DEN,83,-12.921788675604727,29.0,49.0,-11.327617580605544,34.0,-1.594171094999183,83,-12.921788675604727,3.0
2015_06_HOU_JAX,HOU,69,12.46727085228784,31.0,41.0,17.746949496725648,28.0,-5.2796786444378085,66,14.440275287244077,0.0
2015_06_HOU_JAX,JAX,81,-1.2323520400968846,35.0,64.0,4.39896378616686,17.0,-5.631315826263744,58,-7.156248595449142,3.0
2015_06_KC_MIN,KC,62,-8.901295008928159,28.0,46.0,2.943456570933463,16.0,-11.844751579861622,57,-16.086125163477845,1.0
2015_06_KC_MIN,MIN,67,-2.0997164957026255,23.0,35.0,4.301166474053286,32.0,-6.400882969755912,54,3.8886069862836736,2.0
2015_06_MIA_TEN,MIA,68,12.34887510817498,37.0,33.0,8.280465101765003,35.0,4.068410006409977,35,8.817744018509984,2.0
2015_06_MIA_TEN,TEN,68,-23.821698405712937,29.0,50.0,-21.248545031229128,18.0,-2.573153374483809,41,-14.01776983454181,4.0
2015_06_NE_IND,IND,78,1.865400095586665,35.0,60.0,6.904121744009899,18.0,-5.038721648423234,50,2.8775721803540364,0.0
2015_06_NE_IND,NE,66,10.25806662108884,30.0,43.0,7.4294367647999415,23.0,2.8286298562888987,57,15.834950201973736,1.0
2015_06_NYG_PHI,NYG,68,-23.423430175171234,28.0,46.0,-15.98571316874586,22.0,-7.437717006425373,49,-15.938976700999774,3.0
2015_06_NYG_PHI,PHI,76,-5.68793276780419,36.0,42.0,-6.870764026491846,34.0,1.1828312586876564,47,-6.302237063116751,4.0
2015_06_SD_GB,GB,52,13.27038408307892,23.0,37.0,10.10940368451595,15.0,3.1609803985629696,45,18.882204143934622,0.0
2015_06_SD_GB,LAC,92,8.500665045132106,45.0,71.0,17.838519315868094,21.0,-9.337854270735988,86,3.4993228792661704,1.0
2015_06_WAS_NYJ,NYJ,65,4.04370904581416,27.0,28.0,5.967762313248179,37.0,-1.9240532674340187,42,2.8512967698733633,3.0
2015_06_WAS_NYJ,WAS,63,-13.987859598433957,23.0,47.0,-6.744904049672481,16.0,-7.2429555487614765,41,-9.697900760526196,2.0
2015_07_ATL_TEN,ATL,72,-9.886891706912898,33.0,39.0,-4.165049565905827,33.0,-5.721842141007073,70,-8.215461790744335,2.0
2015_07_ATL_TEN,TEN,54,-17.113996456027962,21.0,38.0,-15.696074208593927,16.0,-1.417922247434035,54,-17.113996456027962,2.0
2015_07_BAL_ARI,ARI,61,11.629914237696934,27.0,34.0,11.800704415437789,27.0,-0.17079017774085514,40,9.853135862316261,0.0
2015_07_BAL_ARI,BAL,63,-0.17074597884963083,26.0,46.0,4.327609646755114,17.0,-4.498355625604745,49,0.14697826260335933,1.0
2015_07_BUF_JAX,BUF,78,-12.153545522916087,37.0,50.0,-13.933383865994356,28.0,1.7798383430782705,41,-21.519216650844008,4.0
2015_07_BUF_JAX,JAX,63,-2.145482537976932,26.0,35.0,0.7736769222537987,28.0,-2.9191594602307305,30,1.9909286734764464,1.0
2015_07_CLE_STL,CLE,75,-19.31987603410827,31.0,53.0,-12.064856873480418,22.0,-7.255019160627853,56,-16.28954520106064,4.0
2015_07_CLE_STL,LA,51,-4.301859102409697,21.0,27.0,-7.043983057979392,24.0,2.7421239555696957,36,-4.173343150608606,1.0
2015_07_DAL_NYG,DAL,72,2.6551025251985187,38.0,31.0,-8.133787481666158,41.0,10.788890006864676,72,2.6551025251985187,3.0
2015_07_DAL_NYG,NYG,49,2.8363704103350527,21.0,28.0,1.5375680085809789,21.0,1.2988024017540738,46,4.204414518021781,0.0
2015_07_HOU_MIA,HOU,81,-7.167792691456154,34.0,56.0,-2.3236089167329483,25.0,-4.844183774723206,12,-10.986886368133128,1.0
2015_07_HOU_MIA,MIA,60,14.012613725281119,30.0,29.0,13.279188618660703,31.0,0.733425106620416,10,9.270321127725765,1.0
2015_07_MIN_DET,DET,54,-5.506780157614816,23.0,38.0,-3.7693140009866006,16.0,-1.7374661566282157,35,-0.40335542271317926,0.0
2015_07_MIN_DET,MIN,75,9.53770349072837,31.0,41.0,18.358074222196215,34.0,-8.820370731467847,61,16.234828649233883,1.0
2015_07_NO_IND,IND,63,-7.734892511449289,19.0,53.0,-7.631806604389567,10.0,-0.10308590705972165,9,-9.625795113504864,2.0
2015_07_NO_IND,NO,85,2.1784169621532783,29.0,52.0,-1.920721712289378,33.0,4.099138674442656,39,8.33637855318375,1.0
2015_07_NYJ_NE,NE,67,9.055486106887438,27.0,60.0,8.657089948471148,7.0,0.39839615841628984,64,6.6576330903251435,0.0
2015_07_NYJ_NE,NYJ,72,11.500005575255377,28.0,47.0,15.253273178541454,25.0,-3.7532676032860763,66,9.38848038461048,1.0
2015_07_OAK_SD,LAC,89,1.7249132989192582,44.0,68.0,0.38919336860183584,21.0,1.3357199303174223,19,-12.268190138981687,2.0
2015_07_OAK_SD,LV,61,9.555486210025974,26.0,35.0,13.33318865187246,26.0,-3.777702441846486,26,11.174031799772045,0.0
2015_07_PHI_CAR,CAR,60,-0.3403112783993478,30.0,28.0,-5.748074589353884,32.0,5.407763310954536,47,1.476715124679366,3.0
2015_07_PHI_CAR,PHI,83,-6.352488476740896,29.0,56.0,-10.739111742486479,27.0,4.386623265745584,66,-7.35460572720482,1.0
2015_07_PIT_KC,KC,61,7.511236701971855,26.0,35.0,5.534980031579961,26.0,1.9762566703918942,56,6.805880098017868,0.0
2015_07_PIT_KC,PIT,56,-3.0643762679087145,25.0,33.0,-4.8791600047975,23.0,1.814783736888785,44,-4.429032337690346,3.0
2015_07_SEA_SF,SEA,69,4.696817841710484,26.0,32.0,4.418183714073578,37.0,0.27863412763690576,31,12.746919801556011,2.0
2015_07_SEA_SF,SF,46,-15.214230977410502,14.0,30.0,-11.314095509533821,16.0,-3.90013546787668,21,-8.283391803619452,0.0
2015_07_TB_WAS,TB,64,15.083826059039634,33.0,34.0,12.604451465568026,30.0,2.4793745934716074,55,16.76818027990586,1.0
2015_07_TB_WAS,WAS,63,8.995847258071617,33.0,45.0,8.370724398666962,18.0,0.6251228594046552,55,3.831781056180799,1.0
2015_08_ARI_CLE,ARI,79,10.040155826115388,39.0,43.0,25.18144516228569,36.0,-15.141289336170303,66,8.18191326637208,4.0
2015_08_ARI_CLE,CLE,63,-6.455512769112829,26.0,46.0,4.795568523841212,17.0,-11.25108129295404,48,-5.5376227930537425,2.0
2015_08_CIN_PIT,CIN,65,-5.979375958827049,28.0,46.0,-0.07003771252489166,19.0,-5.909338246302157,63,-4.846651258711018,2.0
2015_08_CIN_PIT,PIT,75,-11.902283887186071,31.0,55.0,-13.627971385121795,20.0,1.7256874979357235,74,-12.366853534866108,3.0
2015_08_DET_KC,DET,60,-11.05439222422747,20.0,47.0,-12.799587096020971,13.0,1.745194871793501,22,-10.27820873917399,2.0
2015_08_DET_KC,KC,64,19.772466541058737,30.0,37.0,16.775923065515588,27.0,2.996543475543149,21,9.170987622172106,0.0
2015_08_GB_DEN,DEN,67,15.096814710970106,32.0,33.0,13.012424448108524,34.0,2.0843902628615822,43,18.92034901226669,1.0
2015_08_GB_DEN,GB,53,-3.654100457765196,22.0,34.0,-2.1584597844980067,19.0,-1.4956406732671894,37,-1.2533170518349268,0.0
2015_08_IND_CAR,CAR,75,-11.92654648639836,25.0,41.0,0.20368476600743213,34.0,-12.130231252405792,65,-10.105719005061468,3.0
2015_08_IND_CAR,IND,84,-18.031162870477768,30.0,53.0,-6.7895358430519455,31.0,-11.241627027425823,67,-21.194912746444228,4.0
2015_08_MIA_NE,MIA,64,-17.445749429728124,23.0,50.0,-10.16892182562569,14.0,-7.2768276041024365,24,-13.96538642339874,2.0
2015_08_MIA_NE,NE,73,10.778930382434641,36.0,45.0,13.113592677788706,28.0,-2.3346622953540646,45,4.226707414694829,0.0
2015_08_MIN_CHI,CHI,61,2.292617542704429,23.0,36.0,5.609832148917812,25.0,-3.3172146062133834,61,2.292617542704429,0.0
2015_08_MIN_CHI,MIN,58,2.307985817845735,26.0,34.0,3.6238676732636903,24.0,-1.3158818554179557,58,2.307985817845735,1.0
2015_08_NYG_NO,NO,78,25.378274243092164,47.0,51.0,25.014888337056618,27.0,0.3633859060355462,78,25.378274243092164,2.0
2015_08_NYG_NO,NYG,73,23.60776905651437,42.0,51.0,26.48973083094461,22.0,-2.8819617744302377,65,15.98432236170629,1.0
2015_08_NYJ_OAK,LV,60,16.602857593811677,29.0,36.0,16.694215107433592,24.0,-0.09135751362191513,25,16.17879310477292,0.0
2015_08_NYJ_OAK,NYJ,73,4.0898140253169615,39.0,55.0,11.622376144203615,18.0,-7.532562118886654,27,-1.215941583398156,1.0
2015_08_SD_BAL,BAL,68,9.300111350039467,33.0,43.0,13.80959413825759,25.0,-4.509482788218125,68,9.300111350039467,0.0
2015_08_SD_BAL,LAC,66,15.791556226522307,32.0,40.0,19.04119561137829,26.0,-3.249639384855982,66,15.791556226522307,0.0
2015_08_SEA_DAL,DAL,59,-6.949763867141595,21.0,32.0,-3.930164713423149,27.0,-3.0195991537184455,59,-6.949763867141595,0.0
2015_08_SEA_DAL,SEA,61,0.5887225751967433,28.0,33.0,3.486253853628159,28.0,-2.8975312784314156,61,0.5887225751967433,1.0
2015_08_SF_STL,LA,66,-4.8637127430286355,24.0,26.0,-4.242575613405025,40.0,-0.6211371296236106,35,-2.586048818573291,1.0
2015_08_SF_STL,SF,66,-23.7896715316252,18.0,50.0,-15.165482079589848,16.0,-8.624189452035353,39,-10.369352731484097,0.0
2015_08_TB_ATL,ATL,80,-2.1291671034542,43.0,52.0,11.953618723592502,28.0,-14.0827858270467,69,-11.562717729493706,4.0
2015_08_TB_ATL,TB,69,5.3535862692252385,29.0,38.0,12.667270019856993,31.0,-7.313683750631753,58,7.7278063754812,0.0
2015_08_TEN_HOU,HOU,63,-11.432609625394402,20.0,39.0,-2.509354719601984,24.0,-8.923254905792419,44,-1.7518962363358495,0.0
2015_08_TEN_HOU,TEN,59,-23.04999557377107,27.0,39.0,-21.840634512666497,20.0,-1.2093610611045733,43,-13.093792716167286,2.0
2015_09_ATL_SF,ATL,64,-4.496155841960459,26.0,50.0,-1.155385090547966,14.0,-3.3407707514124922,64,-4.496155841960459,0.0
2015_09_ATL_SF,SF,63,1.247426037224098,23.0,32.0,6.585775836325805,31.0,-5.338349799101707,63,1.247426037224098,2.0
2015_09_CHI_SD,CHI,69,9.105271572398216,36.0,41.0,7.595041665996153,28.0,1.5102299064020626,69,9.105271572398216,2.0
2015_09_CHI_SD,LAC,71,-4.4854762754025375,29.0,50.0,-1.4335966589482938,21.0,-3.0518796164542437,71,-4.4854762754025375,1.0
2015_09_CLE_CIN,CIN,64,17.891941151036654,31.0,33.0,18.907258449238725,31.0,-1.0153172982020724,50,14.250738239302072,0.0
2015_09_CLE_CIN,CLE,53,-5.76580414381387,18.0,40.0,-3.478307829720866,13.0,-2.287496314093005,38,3.343923851365257,0.0
2015_09_DEN_IND,DEN,52,0.33074352752030656,20.0,38.0,4.92723525817585,14.0,-4.5964917306555435,43,3.0376820860112534,2.0
2015_09_DEN_IND,IND,78,9.105940172482716,32.0,44.0,14.94939351067782,34.0,-5.843453338195104,59,9.323672648960693,0.0
2015_09_GB_CAR,CAR,67,4.524017815084284,28.0,36.0,8.626116377373314,31.0,-4.102098562289029,26,8.325395906582575,1.0
2015_09_GB_CAR,GB,77,-1.9726514149806462,28.0,61.0,4.2455570213496685,16.0,-6.218208436330315,35,-13.94195903011132,2.0
2015_09_JAX_NYJ,JAX,66,-1.5459595686009067,27.0,50.0,2.5505771831192163,16.0,-4.096536751720123,62,-4.248731362186177,3.0
2015_09_JAX_NYJ,NYJ,62,-0.724270028877072,17.0,38.0,7.015915346331894,24.0,-7.740185375208966,56,-1.4382858820608817,0.0
2015_09_MIA_BUF,BUF,52,21.756134785970634,27.0,21.0,11.55413582638721,31.0,10.201998959583424,38,12.637409360523296,0.0
2015_09_MIA_BUF,MIA,69,9.381282880258446,39.0,44.0,5.249186892815566,25.0,4.132095987442881,56,4.828006197581999,1.0
2015_09_NYG_TB,NYG,74,-3.197060056166492,33.0,41.0,1.5384407031368645,33.0,-4.735500759303356,69,-2.6830934114851805,2.0
2015_09_NYG_TB,TB,63,-11.502097218835289,27.0,43.0,-2.1317892217333707,20.0,-9.370307997101918,61,-4.663943795734112,3.0
2015_09_OAK_PIT,LV,69,8.519231666927226,27.0,46.0,9.011033420043532,23.0,-0.4918017531163059,63,2.2328666174435057,2.0
2015_09_OAK_PIT,PIT,85,13.18848925391638,37.0,55.0,7.5197863612038445,30.0,5.6687028927125365,75,14.330503191733335,1.0
2015_09_PHI_DAL,DAL,78,4.366941895197223,42.0,50.0,2.017658276461142,28.0,2.349283618736081,78,4.366941895197223,1.0
2015_09_PHI_DAL,PHI,73,14.927051839536627,32.0,39.0,3.956678118907486,34.0,10.97037372062914,73,14.927051839536627,0.0
2015_09_STL_MIN,LA,73,-7.681806255662038,25.0,36.0,-6.318705547215349,37.0,-1.363100708446689,73,-7.681806255662038,0.0
2015_09_STL_MIN,MIN,71,-4.185071374919831,34.0,35.0,-3.4660131869993167,36.0,-0.7190581879205142,68,-2.1153224593043394,1.0
2015_09_TEN_NO,NO,74,14.081555050523225,34.0,49.0,20.577492753293104,25.0,-6.495937702769879,74,14.081555050523225,1.0
2015_09_TEN_NO,TEN,71,15.296125002647972,35.0,41.0,24.692908588132962,30.0,-9.39678358548499,68,12.445125860488265,1.0
2015_09_WAS_NE,NE,78,7.31158113639383,39.0,42.0,7.120452237951127,36.0,0.19112889844270375,28,2.1611795525532216,2.0
2015_09_WAS_NE,WAS,58,-10.68556895523892,20.0,42.0,-1.2456539643239344,16.0,-9.439914990914986,23,-17.1832948125666,2.0
2015_10_ARI_SEA,ARI,86,5.255699772828575,39.0,56.0,7.19753222066056,30.0,-1.9418324478319846,85,6.11470367489228,3.0
2015_10_ARI_SEA,SEA,60,-3.9612718903369393,24.0,44.0,-4.0852020394083235,16.0,0.12393014907138422,53,-9.282037233603848,1.0
2015_10_BUF_NYJ,BUF,65,-12.904833965667201,24.0,33.0,-6.406340208626497,32.0,-6.4984937570407055,54,-8.111251431633287,0.0
2015_10_BUF_NYJ,NYJ,59,-13.636421456120313,20.0,37.0,-6.545686750965995,22.0,-7.090734705154318,48,-16.655648989605123,3.0
2015_10_CAR_TEN,CAR,66,9.7061802549808,36.0,33.0,8.20097381371094,33.0,1.5052064412698605,52,6.056282288159915,0.0
2015_10_CAR_TEN,TEN,46,-6.30197466040217,18.0,27.0,1.9161532017989025,19.0,-8.218127862201072,38,-5.019787055591127,2.0
2015_10_CHI_STL,CHI,63,6.655077515116179,27.0,28.0,11.721059562817434,35.0,-5.0659820477012545,37,12.372945124567794,1.0
2015_10_CHI_STL,LA,64,-31.89666164424682,17.0,41.0,-20.951495740590076,23.0,-10.945165903656743,44,-19.1585536445765,2.0
2015_10_CLE_PIT,CLE,69,-8.562642630953999,27.0,54.0,0.7762742197297463,15.0,-9.338916850683745,30,-9.031445034845458,3.0
2015_10_CLE_PIT,PIT,65,15.785667179020308,32.0,45.0,19.653967093224125,20.0,-3.868299914203817,35,10.449184162795605,2.0
2015_10_DAL_TB,DAL,53,-6.348925458856457,21.0,33.0,0.16665808342425237,20.0,-6.51558354228071,53,-6.348925458856457,1.0
2015_10_DAL_TB,TB,70,-0.3516575007724816,30.0,45.0,2.6741711160666535,25.0,-3.025828616839135,70,-0.3516575007724816,2.0
2015_10_DET_GB,DET,65,-4.662584935290733,25.0,38.0,3.537078047602909,27.0,-8.199662982893642,64,-6.468204733658576,1.0
2015_10_DET_GB,GB,85,0.049698183707999166,35.0,69.0,4.071795861282492,16.0,-4.022097677574493,82,-1.7786036357990334,0.0
2015_10_HOU_CIN,CIN,67,-10.377530842432789,28.0,48.0,-6.950590236573516,19.0,-3.426940605859272,67,-10.377530842432789,2.0
2015_10_HOU_CIN,HOU,61,-5.463666874678321,19.0,39.0,2.835124693873357,22.0,-8.298791568551678,61,-5.463666874678321,1.0
2015_10_JAX_BAL,BAL,68,-5.575651629281534,32.0,48.0,-3.951472814812629,20.0,-1.6241788144689053,68,-5.575651629281534,3.0
2015_10_JAX_BAL,JAX,74,-5.65593089527005,27.0,54.0,-0.32648879181918655,20.0,-5.329442103450862,74,-5.65593089527005,1.0
2015_10_KC_DEN,DEN,71,-20.568799828280927,27.0,56.0,-16.710766989999684,15.0,-3.858032838281244,24,-21.901266727771144,5.0
2015_10_KC_DEN,KC,67,-5.025610515636327,21.0,40.0,-3.189480656445644,27.0,-1.8361298591906825,28,-1.3586946105803994,0.0
2015_10_MIA_PHI,MIA,65,0.44836965598502276,22.0,40.0,1.8624175158851881,25.0,-1.4140478599001653,65,0.44836965598502276,0.0
2015_10_MIA_PHI,PHI,96,-3.275260922739459,40.0,59.0,2.4792023523110522,37.0,-5.754463275050512,87,-3.034979850078367,1.0
2015_10_MIN_OAK,LV,64,-4.3641391469864175,27.0,47.0,-3.1773987098713405,17.0,-1.186740437115077,51,-6.186511223262642,2.0
2015_10_MIN_OAK,MIN,62,14.16809720416612,34.0,30.0,3.993702741403498,32.0,10.17439446276262,55,8.05649994724661,0.0
2015_10_NE_NYG,NE,70,5.533537413143005,31.0,48.0,7.590970626774162,22.0,-2.057433213631157,70,5.533537413143005,2.0
2015_10_NE_NYG,NYG,75,6.665377981967415,30.0,53.0,10.57168049022521,22.0,-3.906302508257795,75,6.665377981967415,1.0
2015_10_NO_WAS,NO,57,-10.29396220552735,25.0,32.0,-5.866178729513194,25.0,-4.427783476014156,29,5.802958099171519,2.0
2015_10_NO_WAS,WAS,62,22.270762282715452,29.0,30.0,18.403331533900754,32.0,3.8674307488146984,41,20.286087567662058,0.0
2015_11_BUF_NE,BUF,70,-3.1181873675161835,26.0,43.0,2.5223729085334714,27.0,-5.640560276049655,55,-8.843466225204137,0.0
2015_11_BUF_NE,NE,67,-0.05256361321051006,22.0,44.0,4.368463686213658,23.0,-4.421027299424168,58,4.917644885438789,1.0
2015_11_CIN_ARI,ARI,58,10.778983579012518,27.0,33.0,14.671771780175575,25.0,-3.8927882011630572,54,13.560045386431739,2.0
2015_11_CIN_ARI,CIN,76,7.3248675014462155,36.0,52.0,14.974422308382282,24.0,-7.649554806936067,66,-0.41788143548305934,1.0
2015_11_DAL_MIA,DAL,70,4.657642931803342,27.0,32.0,5.120018249911003,38.0,-0.46237531810766086,55,7.105247424915433,2.0
2015_11_DAL_MIA,MIA,48,-10.304602154355962,14.0,30.0,-6.760385912668426,18.0,-3.5442162416875362,43,-9.085428744961973,1.0
2015_11_DEN_CHI,CHI,63,-3.8497468613188213,26.0,40.0,0.12793332505831811,23.0,-3.97768018637714,57,-7.493402125603283,2.0
2015_11_DEN_CHI,DEN,68,4.441321893898428,32.0,34.0,5.4592677613959015,34.0,-1.017945867497474,60,6.8086918087914885,0.0
2015_11_GB_MIN,GB,75,8.13773318605779,31.0,42.0,15.298663305112107,33.0,-7.160930119054319,57,15.309018334361847,0.0
2015_11_GB_MIN,MIN,64,-8.629828190198168,26.0,49.0,-1.799763972638175,15.0,-6.830064217559993,41,-2.870093240751885,1.0
2015_11_IND_ATL,ATL,75,-10.876217540060427,28.0,52.0,-0.4960100200239337,23.0,-10.380207520036492,69,-8.820357091431763,4.0
2015_11_IND_ATL,IND,63,-8.570552671334223,27.0,39.0,3.510723843879532,24.0,-12.081276515213755,56,-11.678373365552613,3.0
2015_11_KC_SD,KC,63,11.389687271021783,30.0,36.0,5.599015177682984,27.0,5.790672093338799,47,8.22321105339938,0.0
2015_11_KC_SD,LAC,59,-21.320559094083183,22.0,38.0,-13.74937377236147,21.0,-7.571185321721714,36,-14.564913914020327,1.0
2015_11_NYJ_HOU,HOU,72,0.12046123762748007,27.0,38.0,4.022617873571746,34.0,-3.902156635944266,59,6.513320078734707,1.0
2015_11_NYJ_HOU,NYJ,66,-10.784968454578511,27.0,45.0,-9.122320035879966,21.0,-1.662648418698546,39,-10.16113352480027,2.0
2015_11_OAK_DET,DET,70,3.07617753321595,31.0,43.0,7.740163084318037,27.0,-4.663985551102087,64,1.950698791968743,0.0
2015_11_OAK_DET,LV,52,-2.1676933100892253,22.0,31.0,3.08184634542763,21.0,-5.249539655516855,52,-2.1676933100892253,0.0
2015_11_SF_SEA,SEA,74,21.840319706630105,42.0,36.0,17.36909879887491,38.0,4.471220907755196,28,16.46296141226776,0.0
2015_11_SF_SEA,SF,53,-1.0257863729011563,18.0,41.0,1.140252420843363,12.0,-2.1660387937445194,25,-4.884837284868799,0.0
2015_11_STL_BAL,BAL,75,-20.745162959133236,28.0,46.0,-12.458878458978331,29.0,-8.286284500154904,75,-20.745162959133236,2.0
2015_11_STL_BAL,LA,62,-15.527224652056724,26.0,32.0,2.0771510368262875,30.0,-17.60437568888301,61,-10.36547941021356,3.0
2015_11_TB_PHI,PHI,72,-6.542025477999486,33.0,44.0,-9.239450734715573,28.0,2.6974252567160875,36,2.516255633730907,4.0
2015_11_TB_PHI,TB,74,27.30653771314856,34.0,33.0,22.06211861137736,41.0,5.2444191017712,45,26.88565528919571,0.0
2015_11_TEN_JAX,JAX,60,-8.832855285839242,27.0,37.0,1.3468542246638417,23.0,-10.179709510503084,60,-8.832855285839242,2.0
2015_11_TEN_JAX,TEN,68,-4.134320752653464,26.0,43.0,0.10548901325095716,25.0,-4.239809765904421,68,-4.134320752653464,1.0
2015_11_WAS_CAR,CAR,78,9.73694629061121,35.0,41.0,14.025029919566274,37.0,-4.288083628955064,39,12.016738784557674,0.0
2015_11_WAS_CAR,WAS,48,-25.511168263445143,15.0,36.0,-16.13002546678763,12.0,-9.381142796657514,21,-9.148369356058538,5.0
2015_12_ARI_SF,ARI,78,6.262087239856424,37.0,50.0,15.262887783728598,28.0,-9.000800543872174,77,6.920702935052628,0.0
2015_12_ARI_SF,SF,56,-1.2113923540625433,23.0,40.0,1.7675833226942745,16.0,-2.978975676756818,56,-1.2113923540625433,1.0
2015_12_BAL_CLE,BAL,59,-0.3656164606969855,25.0,36.0,0.9222683504315041,23.0,-1.2878848111284897,57,1.0499160214651324,2.0
2015_12_BAL_CLE,CLE,69,3.7280318232864627,24.0,54.0,7.771459231797508,15.0,-4.043427408511046,68,1.4884580107085892,0.0
2015_12_BUF_KC,BUF,72,4.524151543815694,30.0,46.0,11.181111553936805,26.0,-6.656960010121111,66,6.9492072026679095,2.0
2015_12_BUF_KC,KC,61,14.870969905057386,31.0,37.0,13.577078863983438,24.0,1.2938910410739481,54,15.42083391431293,0.0
2015_12_CAR_DAL,CAR,68,1.4699086223432403,33.0,33.0,3.4420088297129507,35.0,-1.9721002073697105,27,3.004399566422902,0.0
2015_12_CAR_DAL,DAL,57,-19.495228643378766,21.0,45.0,-16.30294117485272,12.0,-3.1922874685260467,26,-21.876487318865685,3.0
2015_12_CHI_GB,CHI,66,-1.019616737537449,31.0,34.0,6.422683561790604,32.0,-7.442300299328053,66,-1.019616737537449,0.0
2015_12_CHI_GB,GB,78,-14.37328891240968,34.0,53.0,-11.523489455636355,25.0,-2.849799456773326,78,-14.37328891240968,2.0
2015_12_MIA_NYJ,MIA,72,-7.453749314561719,25.0,62.0,-1.8205282501876354,10.0,-5.633221064374084,28,-15.709774256771198,2.0
2015_12_MIA_NYJ,NYJ,74,10.739216494874913,31.0,42.0,14.292093268799363,32.0,-3.552876773924449,44,1.5877989314321894,0.0
2015_12_MIN_ATL,ATL,63,-6.501922389558357,31.0,39.0,4.807583265318928,24.0,-11.309505654877285,49,-7.072224893091087,3.0
2015_12_MIN_ATL,MIN,67,12.796848021728447,31.0,32.0,6.160194741205982,35.0,6.636653280522466,60,9.189947506227991,1.0
2015_12_NE_DEN,DEN,79,1.4552609726889187,31.0,46.0,-4.18617819983767,33.0,5.641439172526589,74,2.3785094334962906,1.0
2015_12_NE_DEN,NE,66,-5.398190129145583,18.0,50.0,0.5323199356160373,16.0,-5.93051006476162,66,-5.398190129145583,0.0
2015_12_NO_HOU,HOU,67,3.7672850690132993,29.0,31.0,4.329880501171859,36.0,-0.5625954321585596,37,11.98244221083587,1.0
2015_12_NO_HOU,NO,58,-16.670698018583717,22.0,48.0,-16.055070180634285,10.0,-0.6156278379494324,29,-8.24804357586174,1.0
2015_12_NYG_WAS,NYG,69,-8.960638636286603,23.0,55.0,-4.806095114239724,14.0,-4.154543522046879,31,-14.371148482314311,3.0
2015_12_NYG_WAS,WAS,69,-1.284011791042964,26.0,32.0,9.508593225155636,37.0,-10.7926050161986,31,2.6145372508351263,0.0
2015_12_OAK_TEN,LV,70,6.676649833732403,33.0,42.0,15.574979536753267,28.0,-8.898329703020863,70,6.676649833732403,1.0
2015_12_OAK_TEN,TEN,61,-5.370899274843279,24.0,44.0,-2.433943425028585,17.0,-2.9369558498146944,61,-5.370899274843279,2.0
2015_12_PHI_DET,DET,72,18.59117630129777,36.0,43.0,23.470071529910008,29.0,-4.878895228612237,34,14.36040677619031,0.0
2015_12_PHI_DET,PHI,58,-10.772952271602374,21.0,35.0,-3.0475868489363007,23.0,-7.725365422666073,30,-2.5205198790414967,1.0
2015_12_PIT_SEA,PIT,80,9.677801361471252,43.0,69.0,4.612155234808636,11.0,5.065646126662614,77,10.396885956452065,4.0
2015_12_PIT_SEA,SEA,61,16.675573067070452,26.0,35.0,21.426615200980567,26.0,-4.751042133910116,58,17.02135593714798,0.0
2015_12_SD_JAX,JAX,71,-2.0724843750668356,27.0,58.0,-0.6671106347658338,13.0,-1.4053737403010018,57,-7.632889895265237,1.0
2015_12_SD_JAX,LAC,74,10.30206532260352,35.0,53.0,14.437653656138062,21.0,-4.1355883335345425,63,9.782296619922343,0.0
2015_12_STL_CIN,CIN,58,4.1338465177512695,26.0,29.0,4.375060438219268,29.0,-0.24121392046799883,40,9.920375117083356,1.0
2015_12_STL_CIN,LA,73,-16.605170051392633,31.0,56.0,-15.564345609222073,17.0,-1.0408244421705604,34,-1.5344276996329427,3.0
2015_12_TB_IND,IND,71,3.3989899466675446,29.0,48.0,11.304570920647794,23.0,-7.90558097398025,59,3.967872492414873,0.0
2015_12_TB_IND,TB,67,-0.10066502662794719,28.0,47.0,3.1635944103547367,20.0,-3.264259436982684,52,3.714669897228479,1.0
2015_13_ARI_STL,ARI,80,20.27179600798704,38.0,47.0,18.352850360560158,33.0,1.918945647426881,54,9.808783435536162,0.0
2015_13_ARI_STL,LA,48,-18.644602632122346,13.0,35.0,-14.68791064442624,13.0,-3.9566919876961038,27,-11.13007609881018,1.0
2015_13_ATL_TB,ATL,67,-0.44491941804635493,31.0,49.0,-0.23329546101494847,18.0,-0.21162395703140646,67,-0.44491941804635493,1.0
2015_13_ATL_TB,TB,68,8.180598109495865,34.0,34.0,8.779762369814367,34.0,-0.5991642603185028,68,8.180598109495865,2.0
2015_13_BAL_MIA,BAL,78,-14.578448633443553,31.0,51.0,-7.412368938572695,27.0,-7.166079694870859,78,-14.578448633443553,2.0
2015_13_BAL_MIA,MIA,48,-10.275414790274109,12.0,21.0,-6.554686794464942,27.0,-3.7207279958091677,46,-9.74109452091204,1.0
2015_13_CAR_NO,CAR,79,13.899880000506528,42.0,48.0,17.72599283757154,31.0,-3.8261128370650113,79,13.899880000506528,3.0
2015_13_CAR_NO,NO,60,4.355083711223737,24.0,46.0,1.9570380093902955,14.0,2.398045701833442,60,4.355083711223737,1.0
2015_13_CIN_CLE,CIN,57,18.398194894591363,32.0,26.0,12.04061693462098,31.0,6.357577959970381,24,11.81128585324271,0.0
2015_13_CIN_CLE,CLE,63,-19.83670170139086,27.0,46.0,-11.153944655782848,17.0,-8.682757045608014,33,-11.018209464373303,2.0
2015_13_DAL_WAS,DAL,58,-9.494691603276951,28.0,34.0,2.3001527474368393,24.0,-11.79484435071379,58,-9.494691603276951,3.0
2015_13_DAL_WAS,WAS,65,-8.001661773566116,25.0,40.0,0.04966579526118586,25.0,-8.0513275688273,65,-8.001661773566116,0.0
2015_13_DEN_SD,DEN,68,-2.7701325150811487,26.0,31.0,-0.30413366542425013,37.0,-2.4659988496568985,36,3.011882234280985,1.0
2015_13_DEN_SD,LAC,66,-24.911696605885496,22.0,42.0,-15.836173689610419,24.0,-9.075522916275077,46,-17.373425054981467,3.0
2015_13_GB_DET,DET,65,-6.922393299520271,26.0,41.0,-1.0009103203749041,24.0,-5.921482979145367,37,8.218510732487108,1.0
2015_13_GB_DET,GB,66,3.603947250855862,25.0,45.0,10.734773246978186,21.0,-7.130825996122323,35,-2.6059055239900397,1.0
2015_13_HOU_BUF,BUF,62,7.105611299456713,22.0,28.0,3.370790828743302,34.0,3.734820470713411,59,8.689270659317081,0.0
2015_13_HOU_BUF,HOU,75,0.31847185386880295,32.0,47.0,2.3755081506969873,28.0,-2.0570362968281843,68,3.963754338488914,1.0
2015_13_IND_PIT,IND,57,-19.721420373512963,23.0,41.0,-14.781163778076015,16.0,-4.940256595436949,30,-8.867620464974616,3.0
2015_13_IND_PIT,PIT,73,19.917410190465468,35.0,43.0,23.002440967496092,30.0,-3.0850307770306244,42,10.9870051189341,1.0
2015_13_JAX_TEN,JAX,59,11.317079160027905,28.0,39.0,17.63229573347792,20.0,-6.315216573450016,57,6.775921268403297,1.0
2015_13_JAX_TEN,TEN,69,15.75359952065628,33.0,38.0,19.868869203695795,31.0,-4.115269683039514,65,15.95034093898721,2.0
2015_13_KC_OAK,KC,50,-3.2385745565986728,25.0,32.0,-3.6140522263301538,18.0,0.375477669731481,48,-4.1225224194785115,2.0
2015_13_KC_OAK,LV,79,-19.524964599526207,31.0,55.0,-20.61077242880659,24.0,1.0858078292803839,71,-15.613983028457222,3.0
2015_13_NYJ_NYG,NYG,66,-6.527720511139886,22.0,42.0,2.762640755016591,24.0,-9.290361266156477,49,-0.9219477383359838,1.0
2015_13_NYJ_NYG,NYJ,78,6.345888811543249,34.0,59.0,15.023322783470052,19.0,-8.677433971926803,69,4.185740737408869,1.0
2015_13_PHI_NE,NE,86,-2.5312527474598028,35.0,63.0,-1.8021463085897267,23.0,-0.7291064388700761,58,-11.026579727069475,2.0
2015_13_PHI_NE,PHI,60,-3.574546213145368,25.0,28.0,0.7020008656545542,32.0,-4.276547078799922,38,-4.575652525410987,1.0
2015_13_SEA_MIN,MIN,52,-22.578129306552,10.0,37.0,-17.85318504332099,15.0,-4.724944263231009,22,-10.35250371193979,1.0
2015_13_SEA_MIN,SEA,65,25.720178481394775,37.0,35.0,27.558133534650203,30.0,-1.8379550532554276,34,12.666645436664112,1.0
2015_13_SF_CHI,CHI,78,-11.836581117714081,33.0,34.0,-9.270624167216912,44.0,-2.5659569504971693,78,-11.836581117714081,1.0
2015_13_SF_CHI,SF,61,-1.6391316257650033,23.0,43.0,1.0246935686154757,18.0,-2.663825194380479,61,-1.6391316257650033,0.0
2015_14_ATL_CAR,ATL,65,-23.79505728010554,23.0,49.0,-21.70015803485876,16.0,-2.094899245246779,15,-5.826724869722966,4.0
2015_14_ATL_CAR,CAR,63,13.707902576400887,30.0,32.0,16.03906686159222,31.0,-2.331164285191335,19,19.796862007584423,0.0
2015_14_BUF_PHI,BUF,73,7.0323416919854065,28.0,47.0,8.740964145661478,26.0,-1.708622453676071,73,7.0323416919854065,1.0
2015_14_BUF_PHI,PHI,75,-5.530432230064363,29.0,43.0,-5.894394958012455,32.0,0.3639627279480919,75,-5.530432230064363,1.0
2015_14_DAL_GB,DAL,52,-11.893152806500439,17.0,34.0,-18.88792817661306,18.0,6.99477537011262,36,-7.181273760565091,1.0
2015_14_DAL_GB,GB,85,11.996415261586662,41.0,43.0,10.286137508170214,42.0,1.7102777534164488,63,7.2816839958541095,0.0
2015_14_DET_STL,DET,70,-9.31888303271262,30.0,52.0,-13.457751741749234,18.0,4.138868709036615,51,-13.864805087388959,1.0
2015_14_DET_STL,LA,54,-1.1010289410478435,21.0,26.0,-4.892271445191,28.0,3.791242504143156,45,-1.7187536715646274,1.0
2015_14_IND_JAX,IND,72,-28.14035901401651,22.0,50.0,-25.561440509781967,22.0,-2.578918504234544,53,-15.55761949412984,2.0
2015_14_IND_JAX,JAX,65,0.7872698782627348,25.0,35.0,4.528870978192274,30.0,-3.7416010999295395,42,-10.347107052741492,2.0
2015_14_MIN_ARI,ARI,65,11.634736861400466,33.0,39.0,14.089979763731986,26.0,-2.45524290233152,63,13.96459261637197,0.0
2015_14_MIN_ARI,MIN,67,5.2217719167041805,29.0,42.0,13.315337976770405,25.0,-8.093566060066223,67,5.2217719167041805,3.0
2015_14_NE_HOU,HOU,53,-26.602453410995395,15.0,32.0,-21.05084563072046,21.0,-5.551607780274935,40,-13.504167068130075,1.0
2015_14_NE_HOU,NE,64,1.261772938362272,30.0,36.0,3.963978406033511,28.0,-2.7022054676712384,42,8.688056636891277,0.0
2015_14_NO_TB,NO,80,16.517946395212345,33.0,47.0,20.711925466781974,33.0,-4.193979071569629,66,18.7684782339535,0.0
2015_14_NO_TB,TB,54,4.5974008061869975,26.0,37.0,6.551447248360419,17.0,-1.9540464421734214,42,2.177787261008562,0.0
2015_14_NYG_MIA,MIA,66,-0.3566610993223378,27.0,44.0,-5.768500490951084,22.0,5.411839391628746,66,-0.3566610993223378,1.0
2015_14_NYG_MIA,NYG,64,17.392159629652927,35.0,34.0,25.364953109743258,30.0,-7.972793480090331,56,16.456474640388226,1.0
2015_14_OAK_DEN,DEN,80,-17.616304471739525,30.0,60.0,-10.393069938756483,20.0,-7.223234532983042,77,-15.192403684450895,1.0
2015_14_OAK_DEN,LV,53,-16.565484480261222,12.0,34.0,-8.512758775816186,19.0,-8.052725704445038,53,-16.565484480261222,0.0
2015_14_PIT_CIN,CIN,57,-2.723925136807585,26.0,44.0,-1.3684058321735133,13.0,-1.3555193046340719,31,-8.561120556020493,3.0
2015_14_PIT_CIN,PIT,69,10.884449267817486,33.0,44.0,11.703341538435138,25.0,-0.8188922706176527,45,9.247484511881424,1.0
2015_14_SD_KC,KC,54,3.607995640422542,23.0,30.0,3.3819499628095406,24.0,0.22604567761300132,48,4.820201012940471,1.0
2015_14_SD_KC,LAC,68,-9.536229879775433,17.0,50.0,-1.0322356726446884,18.0,-8.503994207130745,63,-19.083429723983514,1.0
2015_14_SEA_BAL,BAL,57,-17.296240524129338,21.0,44.0,-7.160695531696547,13.0,-10.135544992432791,31,-9.115383849918238,2.0
2015_14_SEA_BAL,SEA,67,25.59040086431196,37.0,35.0,29.97560247220099,32.0,-4.38520160788903,46,12.85390656394884,1.0
2015_14_SF_CLE,CLE,74,10.725024884250104,36.0,39.0,11.299951047756565,35.0,-0.5749261635064613,58,5.826565967789008,2.0
2015_14_SF_CLE,SF,56,-13.427151379344089,20.0,42.0,-12.373506778845133,14.0,-1.0536446004989557,36,-16.050418956839515,0.0
2015_14_TEN_NYJ,NYJ,73,11.400637085829892,33.0,39.0,10.556675412856073,34.0,0.8439616729738191,38,6.097039140737838,0.0
2015_14_TEN_NYJ,TEN,61,-10.876099080036393,20.0,50.0,-6.111045272045769,11.0,-4.7650538079906255,13,-10.441259353770874,1.0
2015_14_WAS_CHI,CHI,59,4.4573548260776334,25.0,36.0,3.519140331114457,23.0,0.9382144949631765,58,2.953668828511425,1.0
2015_14_WAS_CHI,WAS,69,13.445957003653554,38.0,37.0,15.84927788239768,32.0,-2.4033208787441254,66,14.99064958237907,1.0
2015_15_ARI_PHI,ARI,74,20.92191012014074,43.0,37.0,10.666338023696401,37.0,10.25557209644434,48,19.099997635344582,0.0
2015_15_ARI_PHI,PHI,64,-13.42804053744037,27.0,45.0,-3.9955088679954995,19.0,-9.43253166944487,46,-7.200226027615986,4.0
2015_15_ATL_JAX,ATL,73,2.3058463544410914,34.0,42.0,7.186933152684942,31.0,-4.88108679824385,72,3.373702085035693,1.0
2015_15_ATL_JAX,JAX,61,-6.578983639228849,31.0,44.0,-3.2447208789600923,17.0,-3.334262760268757,59,-6.207034318628016,1.0
2015_15_BUF_WAS,BUF,67,10.896709967662265,34.0,40.0,4.128063623793423,27.0,6.768646343868841,14,-2.6313584099989384,0.0
2015_15_BUF_WAS,WAS,54,22.0471004426945,30.0,30.0,24.524734637932852,24.0,-2.477634195238352,25,13.043605100130662,0.0
2015_15_CAR_NYG,CAR,76,12.811315901404456,32.0,49.0,16.453927349126175,27.0,-3.6426114477217197,49,8.036555077938829,1.0
2015_15_CAR_NYG,NYG,75,4.802239174314309,33.0,49.0,1.8771580085740425,26.0,2.9250811657402664,48,-2.035079318564385,2.0
2015_15_CHI_MIN,CHI,64,-10.140743009220337,30.0,42.0,-12.08011223882017,22.0,1.9393692295998335,30,-7.5596235018456355,2.0
2015_15_CHI_MIN,MIN,62,17.472096848480497,27.0,26.0,20.092385648463015,36.0,-2.620288799982518,41,13.989914438866172,0.0
2015_15_CIN_SF,CIN,64,-11.492848682611402,20.0,28.0,6.0507160844705865,36.0,-17.54356476708199,30,-5.062132452439982,1.0
2015_15_CIN_SF,SF,76,-22.220603987715936,28.0,60.0,-21.961411042745954,16.0,-0.2591929449699819,30,-22.841372586786747,4.0
2015_15_CLE_SEA,CLE,55,2.808574840896833,22.0,39.0,1.772581141854241,16.0,1.0359936990425922,41,3.032750191918015,1.0
2015_15_CLE_SEA,SEA,70,21.091072666187543,39.0,38.0,20.562410336182225,32.0,0.5286623300053179,51,15.994898272526825,0.0
2015_15_DEN_PIT,DEN,76,-6.198319047107361,30.0,52.0,3.298477575124707,24.0,-9.496796622232068,74,-3.5644662883132696,2.0
2015_15_DEN_PIT,PIT,76,0.15273195378511506,32.0,62.0,4.392529481046659,14.0,-4.239797527261544,69,2.71904840094765,2.0
2015_15_DET_NO,DET,51,15.832092804601416,34.0,30.0,14.365346886421321,21.0,1.466745918180095,26,11.645402681548148,1.0
2015_15_DET_NO,NO,77,5.389396964245398,35.0,59.0,10.637926180345394,18.0,-5.248529216099996,38,-7.0160322175292835,0.0
2015_15_GB_OAK,GB,75,-3.7902010151561303,31.0,48.0,4.170025097241817,27.0,-7.960226112397947,64,2.3869157273708996,2.0
2015_15_GB_OAK,LV,77,-15.478521089120076,28.0,55.0,-14.108835358747054,22.0,-1.3696857303730212,60,-6.571255382200942,2.0
2015_15_HOU_IND,HOU,71,-5.888881378441725,30.0,38.0,-1.1866156056490462,33.0,-4.702265772792678,71,-5.888881378441725,2.0
2015_15_HOU_IND,IND,54,-18.470285497468005,18.0,36.0,-11.279874160049522,18.0,-7.190411337418482,54,-18.470285497468005,2.0
2015_15_KC_BAL,BAL,69,-24.66287281597033,25.0,53.0,-9.62995440105442,16.0,-15.032918414915912,48,-17.770127323048655,3.0
2015_15_KC_BAL,KC,54,6.816383529656413,24.0,32.0,7.468627041002047,22.0,-0.6522435113456342,42,8.956878691533358,0.0
2015_15_MIA_SD,LAC,79,16.528974895212823,36.0,42.0,20.44541494105223,37.0,-3.9164400458394084,31,8.403033694648352,3.0
2015_15_MIA_SD,MIA,56,-2.1612758800038137,18.0,37.0,2.6904090378957335,19.0,-4.851684917899547,17,-6.382836246397346,0.0
2015_15_NYJ_DAL,DAL,57,-15.77972555692021,23.0,35.0,-16.377835782379307,22.0,0.5981102254590951,57,-15.77972555692021,4.0
2015_15_NYJ_DAL,NYJ,70,-1.0933030828895234,29.0,45.0,9.526913942744713,25.0,-10.620217025634236,70,-1.0933030828895234,1.0
2015_15_TB_STL,LA,49,5.299273135200617,21.0,19.0,12.134005204599816,30.0,-6.834732069399199,22,9.684340526058804,0.0
2015_15_TB_STL,TB,81,4.751308033287303,42.0,54.0,6.901577645491586,27.0,-2.1502696122042835,28,-5.413133888203386,2.0
2015_15_TEN_NE,NE,66,4.649034127853494,26.0,38.0,11.333493339217902,28.0,-6.684459211364408,19,7.0560407092561945,0.0
2015_15_TEN_NE,TEN,62,-16.9929351811013,23.0,42.0,-8.880783388479127,20.0,-8.112151792622171,21,-15.609374301974409,3.0
2015_16_CAR_ATL,ATL,60,8.100001208405015,25.0,33.0,20.217555422587402,27.0,-12.117554214182388,57,8.756505285757678,1.0
2015_16_CAR_ATL,CAR,52,-2.866136553820656,28.0,34.0,-11.014413242468112,18.0,8.148276688647456,50,0.5597353036213057,1.0
2015_16_CHI_TB,CHI,71,5.224831903115433,34.0,32.0,5.110152508522004,39.0,0.11467939459342924,61,4.723783671198033,0.0
2015_16_CHI_TB,TB,54,-1.116389243674206,26.0,32.0,5.351028748700628,22.0,-6.467417992374834,49,-7.753583087367446,3.0
2015_16_CIN_DEN,CIN,71,4.840156951888547,30.0,41.0,10.773192524646491,30.0,-5.9330355727579445,71,4.840156951888547,1.0
2015_16_CIN_DEN,DEN,65,3.8228278813942143,34.0,45.0,6.959176292234656,20.0,-3.1363484108404425,63,4.840643138816841,1.0
2015_16_CLE_KC,CLE,68,-2.799892297322411,27.0,40.0,-12.246780950651054,28.0,9.446888653328642,67,-5.218721818486709,1.0
2015_16_CLE_KC,KC,54,-0.9751640480792485,22.0,30.0,5.598937197184343,24.0,-6.574101245263591,54,-0.9751640480792485,1.0
2015_16_DAL_BUF,BUF,60,0.3808183251080983,25.0,28.0,-7.044925088282493,32.0,7.425743413390592,58,-0.25184471810777254,2.0
2015_16_DAL_BUF,DAL,58,-4.858867690671744,22.0,34.0,-5.011198790459005,24.0,0.15233109978726134,58,-4.858867690671744,1.0
2015_16_GB_ARI,ARI,56,-0.39207828857091265,27.0,32.0,3.0112001322829816,24.0,-3.403278420853894,33,5.472103869162099,2.0
2015_16_GB_ARI,GB,71,-29.991748796033672,23.0,47.0,-20.882482637083623,24.0,-9.10926615895005,32,-12.173334271996282,4.0
2015_16_HOU_TEN,HOU,69,5.1284893553792905,27.0,31.0,12.023016077929217,38.0,-6.8945267225499265,36,-2.5438355656417793,1.0
2015_16_HOU_TEN,TEN,66,-25.561810473460238,23.0,54.0,-14.046097612721379,12.0,-11.515712860738859,28,-16.519249738310464,3.0
2015_16_IND_MIA,IND,57,5.6380674858143225,26.0,33.0,5.280454175837804,24.0,0.35761330997651886,56,6.247003548828293,0.0
2015_16_IND_MIA,MIA,72,-1.1820856381075346,29.0,48.0,2.9880957721632084,24.0,-4.170181410270743,72,-1.1820856381075346,1.0
2015_16_JAX_NO,JAX,57,8.942762530336388,26.0,41.0,13.975628685541217,16.0,-5.032866155204829,12,-7.070680928722024,2.0
2015_16_JAX_NO,NO,74,28.884494313048585,40.0,41.0,29.683904774040045,33.0,-0.7994104609914601,29,15.226393751101568,0.0
2015_16_NE_NYJ,NE,55,0.06531557141396682,21.0,34.0,5.895350182520351,21.0,-5.8300346111063845,53,-2.4035180942987697,1.0
2015_16_NE_NYJ,NYJ,71,4.271765236541192,31.0,45.0,5.115599985265668,26.0,-0.8438347487244755,70,2.865150115076481,1.0
2015_16_NYG_MIN,MIN,68,6.290458730905055,28.0,30.0,-1.5793709976457788,38.0,7.869829728550834,34,-3.04017886414729,0.0
2015_16_NYG_MIN,NYG,62,-21.971131678150307,24.0,41.0,-18.77690727694779,21.0,-3.1942244012025185,31,-18.18599178956709,3.0
2015_16_PIT_BAL,BAL,75,2.6179529895691225,31.0,43.0,7.235997099409534,32.0,-4.618044109840412,71,4.687529553697633,0.0
2015_16_PIT_BAL,PIT,61,0.8459370094673231,31.0,41.0,0.005101170830474011,20.0,0.8408358386368491,59,0.05456892086965848,3.0
2015_16_SD_OAK,LAC,78,-5.858011592394865,31.0,53.0,-1.0133648637390764,25.0,-4.844646728655789,78,-5.858011592394865,1.0
2015_16_SD_OAK,LV,71,-11.848858577326912,26.0,49.0,-6.2762058978663235,22.0,-5.572652679460589,68,-9.905168880987324,1.0
2015_16_SF_DET,DET,68,7.043293883356843,34.0,44.0,9.385869154505077,24.0,-2.3425752711482346,54,9.157106971152066,0.0
2015_16_SF_DET,SF,62,-3.5800829542540056,29.0,40.0,-3.7876797439502594,22.0,0.20759678969625384,50,3.4810638591907876,1.0
2015_16_STL_SEA,LA,53,2.233021685821739,23.0,26.0,1.351374933813502,27.0,0.881646752008237,44,6.761634855964956,0.0
2015_16_STL_SEA,SEA,73,-10.818987787906803,29.0,54.0,11.199583756997459,19.0,-22.018571544904262,53,-10.726795883996669,3.0
2015_16_WAS_PHI,PHI,81,-9.220918307224524,34.0,66.0,-1.290313108065634,15.0,-7.93060519915889,53,-14.186361904632536,2.0
2015_16_WAS_PHI,WAS,72,14.943001622633501,31.0,50.0,20.054856186217123,22.0,-5.11185456358362,55,8.711815896408591,0.0
2015_17_BAL_CIN,BAL,78,-11.519138640815576,28.0,58.0,-7.6052294230653885,20.0,-3.913909217750188,60,-10.134450544985661,2.0
2015_17_BAL_CIN,CIN,60,3.514842624290708,24.0,35.0,-0.09681185825834837,25.0,3.6116544825490564,44,9.05027620063629,0.0
2015_17_DET_CHI,CHI,52,-0.4082259516716329,23.0,29.0,-0.24716949272159017,23.0,-0.16105645895004272,52,-0.4082259516716329,3.0
2015_17_DET_CHI,DET,62,11.167724260893856,29.0,46.0,11.820434855072499,16.0,-0.6527105941786431,59,12.345898289998267,0.0
2015_17_JAX_HOU,HOU,76,-0.5107784855335931,32.0,44.0,-2.3217838089603915,32.0,1.811005323426798,29,5.166394982132577,1.0
2015_17_JAX_HOU,JAX,57,-37.22816442846397,14.0,42.0,-28.35357453542838,15.0,-8.87458989303559,25,-17.684036040935702,4.0
2015_17_MIN_GB,GB,78,-13.8187216589778,29.0,54.0,-9.857764962324062,24.0,-3.9609566966537386,57,-19.337750656725028,2.0
2015_17_MIN_GB,MIN,49,-1.209596510552673,17.0,23.0,-9.449520811480342,26.0,8.239924300927669,43,1.293628862667957,1.0
2015_17_NE_MIA,MIA,73,3.2301452201330547,30.0,41.0,16.827911739197162,32.0,-13.597766519064107,65,3.3398949548896146,0.0
2015_17_NE_MIA,NE,59,-8.976768586771227,18.0,31.0,-3.8449624308124424,28.0,-5.131806155958785,55,-5.8636344611452795,0.0
2015_17_NO_ATL,ATL,67,6.304976424203951,35.0,39.0,15.884350375012026,28.0,-9.579373950808076,67,6.304976424203951,2.0
2015_17_NO_ATL,NO,66,10.11081521809001,33.0,45.0,15.474974263139307,21.0,-5.364159045049297,66,10.11081521809001,1.0
2015_17_NYJ_BUF,BUF,74,-6.034143965988946,23.0,35.0,5.674936205879696,39.0,-11.709080171868642,69,-3.172135115200249,1.0
2015_17_NYJ_BUF,NYJ,57,-1.1747469860392101,21.0,41.0,-5.63979828968597,16.0,4.46505130364676,56,0.22792349252547695,3.0
2015_17_OAK_KC,KC,65,-4.973200286156498,28.0,34.0,-6.133665297180414,31.0,1.1604650110239163,43,1.3917896917555481,2.0
2015_17_OAK_KC,LV,56,-8.177919525253772,19.0,42.0,-5.888263890432427,14.0,-2.289655634821346,34,-11.935320008466904,1.0
2015_17_PHI_NYG,NYG,83,4.414839208470912,44.0,46.0,-4.097971835469107,37.0,8.512811043940019,83,4.414839208470912,1.0
2015_17_PHI_NYG,PHI,64,15.678597767604515,33.0,40.0,16.962287279515294,24.0,-1.2836895119107794,61,17.844844876904972,2.0
2015_17_PIT_CLE,CLE,83,-25.152994647609113,32.0,61.0,-22.748776576992633,22.0,-2.40421807061648,66,-18.495204014748843,3.0
2015_17_PIT_CLE,PIT,54,-1.3604270472040896,23.0,37.0,5.622482681568849,17.0,-6.982909728772938,45,0.8262687052017217,3.0
2015_17_SD_DEN,DEN,64,-6.151173265900381,28.0,34.0,-8.616956894517033,30.0,2.4657836286166517,61,-6.154394951898523,5.0
2015_17_SD_DEN,LAC,73,-11.673247862718563,27.0,44.0,-6.748444043909695,29.0,-4.9248038188088685,72,-11.040659461398173,1.0
2015_17_SEA_ARI,ARI,58,-11.897755319003274,22.0,45.0,-10.534043475154114,13.0,-1.3637118438491598,27,-2.3988754749298096,3.0
2015_17_SEA_ARI,SEA,70,16.474253986032082,34.0,35.0,16.87364701222522,35.0,-0.3993930261931382,27,11.666273111574977,0.0
2015_17_STL_SF,LA,72,0.035973506362047436,31.0,39.0,3.5438650938248273,33.0,-3.5078915874627796,72,0.035973506362047436,0.0
2015_17_STL_SF,SF,77,-6.898606936805461,27.0,48.0,0.6756675988332757,29.0,-7.574274535638736,77,-6.898606936805461,1.0
2015_17_TB_CAR,CAR,62,11.124483551573892,31.0,32.0,6.973489625588943,30.0,4.150993925984949,36,4.7134671659790435,2.0
2015_17_TB_CAR,TB,74,-8.416662252785308,31.0,54.0,-5.595193132860722,20.0,-2.8214691199245863,21,-8.922701465243144,2.0
2015_17_TEN_IND,IND,69,-3.0788068251580016,27.0,42.0,-1.2624278020824322,27.0,-1.8163790230755694,69,-3.0788068251580016,1.0
2015_17_TEN_IND,TEN,57,-8.601838430211124,23.0,31.0,-14.179865111476452,26.0,5.578026681265328,53,-8.570280759828165,1.0
2015_17_WAS_DAL,DAL,70,-2.9315881697923576,35.0,54.0,6.724681361293497,16.0,-9.656269531085854,25,-7.97948441572953,4.0
2015_17_WAS_DAL,WAS,62,15.830620463964317,26.0,27.0,19.41679523154513,35.0,-3.5861747675808147,30,10.220296016841361,0.0
2015_18_GB_WAS,GB,72,12.686252201419636,34.0,41.0,14.347204951789383,31.0,-1.660952750369748,61,17.0799307430877,1.0
2015_18_GB_WAS,WAS,69,-10.715956770076986,25.0,52.0,-11.51223146675747,17.0,0.7962746966804843,43,-1.572240085767219,1.0
2015_18_KC_HOU,HOU,63,-27.407681420096196,16.0,39.0,-26.7528968276456,24.0,-0.6547845924505964,44,-16.142248695949093,5.0
2015_18_KC_HOU,KC,60,2.6654403250519954,30.0,27.0,1.6923040212583098,33.0,0.9731363037936855,26,-6.077028990714176,1.0
2015_18_PIT_CIN,CIN,71,-13.211529202108613,26.0,50.0,-6.7752628435598385,21.0,-6.436266358548775,62,-14.398653592554728,4.0
2015_18_PIT_CIN,PIT,74,-9.709410556057495,27.0,44.0,-8.866925473896348,30.0,-0.8424850821611471,67,-4.275309010267286,2.0
2015_18_SEA_MIN,MIN,57,-13.539343106967035,21.0,29.0,-6.190009056449187,28.0,-7.3493340505178475,57,-13.539343106967035,1.0
2015_18_SEA_MIN,SEA,57,-10.565213472415936,19.0,32.0,-3.3887580225209346,25.0,-7.176455449895002,57,-10.565213472415936,1.0
2015_19_GB_ARI,ARI,64,3.2769427402164015,28.0,45.0,8.403369196898618,19.0,-5.126426456682216,60,3.533118716462997,2.0
2015_19_GB_ARI,GB,71,3.6938831395255445,25.0,51.0,1.687568229101137,20.0,2.0063149104244076,64,-2.9323538948064627,1.0
2015_19_KC_NE,KC,86,5.717646673179969,37.0,59.0,7.74382252453155,27.0,-2.0261758513515815,48,-1.2152565019749644,1.0
2015_19_KC_NE,NE,53,12.796088770916871,26.0,44.0,11.59603896173667,9.0,1.2000498091802,40,14.12390107707982,0.0
2015_19_PIT_DEN,DEN,72,-9.53727558385352,26.0,40.0,-3.758405590659142,32.0,-5.778869993194377,69,-8.386527210864177,0.0
2015_19_PIT_DEN,PIT,61,-6.469922239048068,24.0,42.0,0.31108292602595267,19.0,-6.781005165074021,57,-5.177928282559045,1.0
2015_19_SEA_CAR,CAR,61,8.755672099129193,29.0,23.0,12.499342702622421,38.0,-3.7436706034932286,14,9.77033688465599,0.0
2015_19_SEA_CAR,SEA,64,1.7896548427822583,35.0,55.0,-0.8857157572340637,9.0,2.675370600016322,7,-8.029512754175812,2.0
2015_20_ARI_CAR,ARI,62,-17.823983399502932,27.0,45.0,-20.24854254903039,17.0,2.4245591495274565,20,-1.8288245926378295,6.0
2015_20_ARI_CAR,CAR,64,15.381404850327527,26.0,31.0,11.386511285193848,33.0,3.9948935651336797,20,9.811471302178013,1.0
2015_20_NE_DEN,DEN,65,-12.559459577693863,19.0,38.0,-3.6553810701889717,27.0,-8.904078507504892,59,-9.829275234981699,1.0
2015_20_NE_DEN,NE,79,-12.193764619401426,27.0,64.0,-7.026716066105528,15.0,-5.167048553295899,70,-18.396465900284475,2.0
2015_21_CAR_DEN,CAR,75,-19.80802602951129,23.0,51.0,-13.848427846606988,24.0,-5.959598182904301,69,-16.8496712693753,4.0
2015_21_CAR_DEN,DEN,59,-19.703204476760536,17.0,30.0,-10.732690808686643,29.0,-8.970513668073892,49,-15.39881400883903,2.0
